x1,x2,x3,x4,x5,x6,y
-0.6409245523970948,0.14730742017488618,-0.3157139667039449,-0.9165471282340135,0.3418685949454028,0.26833290323185344,0.8253999966274034
0.46442414201017956,-1.0,-0.4479218034749573,-0.4182581596725887,-0.7955572533594639,-0.48312678768985884,2.6580641597872137
0.06298980228793069,0.45818176049201453,-0.3819346190976546,1.0,1.0,-0.0029503672758385974,-0.5236920119457183
0.033917626261154465,1.0,1.0,0.2798210707327484,1.0,0.46552957901013997,-2.7806154146289996
-0.6858569641111572,-1.0,0.39825153127369495,0.13896440897516715,0.25689692639450756,0.44012522470456333,1.3933959170639447
0.7873085787307257,0.5921409036641339,0.6546414774259777,0.26971857924464526,0.9349824102495804,0.46646583165228145,-2.922568171363789
0.6056588383692487,0.187296664632306,-1.0,-0.4956107091902073,0.12090884921571027,-1.0,1.0803327934145996
-1.0,-0.06521987799375739,-0.4976113732519698,-1.0,-0.3965075865859896,-0.05160918350538196,-0.8340225919020965
-0.5396895139064806,-0.1499407037226006,-0.03685219693835251,-1.0,-0.0222714697181583,-0.6658146140401271,1.306955878550185
-0.3031868583956423,0.23506387599702772,1.0,0.018713131084949944,0.44197044027893945,0.799487062757043,-0.4046609593790709
-0.6309019133693872,0.8729310696010922,-0.46675122703158345,-0.40749326319684964,-0.04526900554269489,1.0,6.486925584925719
-1.0,-0.08033417493817008,-0.7255258661590871,-0.10395578259733518,0.027233582734041306,0.2941693685613034,-0.09723686816380167
-0.25898139831539146,0.786806445345614,1.0,0.47304263019390247,-1.0,0.051948077404039616,-2.1015142531423114
-1.0,-1.0,-1.0,-0.12576582435766115,-0.4903307058937436,-1.0,2.5177090186473925
-0.9965170058476932,-0.6611443808051356,-0.8521288550030132,0.3942518340240243,-1.0,0.22051036639948735,-4.648990278176113
-1.0,-1.0,-1.0,0.16607684050075822,-0.6951203331306713,-1.0,0.13519804904039295
-0.7260170604994447,-0.5457083463995406,-0.2127186084033611,-0.16191620050036631,-0.46221269168361334,-0.5188756715809668,0.9004021574324623
1.0,0.593958542078951,0.5616233332042333,0.5131710348083678,1.0,0.6230697384059116,-2.4697247418045785
-0.5144752536377064,0.1341886192795793,-1.0,-0.8535756651980297,1.0,1.0,8.964766432657791
-0.3476711133098219,0.5514146840262382,0.32463255378508826,-0.029792304114023338,0.5591731600514447,1.0,3.7474411552052356
-0.6045357564437879,-1.0,-1.0,-1.0,0.19526746526573815,-0.14396048641462156,-5.074676983959712
-0.2534437003952288,0.019208695123555386,-1.0,-1.0,-0.21786284819280155,-1.0,1.960996790603204
-0.1602757452743192,-0.3996526896053325,1.0,0.6843820056489217,0.703071655345118,1.0,-1.5527287957688998
-1.0,-0.0488231480643746,-0.5156361602771653,-1.0,0.05182522992430039,-0.9630470621260461,2.615805180739396
-0.7448185408272359,0.1516141622646312,-1.0,-0.5165370215904689,-0.8984314730888022,1.0,6.649951320258699
-0.8983064482934944,0.28551659001782126,-0.9039497614510699,0.0806548025689598,0.5807403704389341,1.0,8.254315275159655
1.0,0.06120153783652488,-0.020566720163750496,0.44004814482683474,0.1825939064884604,0.7226643297181823,2.1160335060150532
-0.8629206609767434,-0.02468074691670131,-0.5136923395223757,1.0,0.5969824471495296,-1.0,3.8497691705119372
-1.0,1.0,0.41492607778218493,-1.0,0.9496836313395762,-0.2897709449461143,1.5290670803317121
0.1701304788456428,-1.0,-1.0,-0.14563437433013715,0.645559734567964,0.41033949123612967,-2.6191562632639225
-0.7515865237032675,-0.030081255263311457,1.0,1.0,1.0,1.0,-0.18680417552489054
0.5617024604051517,0.27181245421843636,-0.942999957952595,1.0,-0.03330660432139998,-1.0,1.389148425520766
-1.0,-1.0,-1.0,-0.1793483266900061,-0.8498885030568495,-0.7244889304618467,-1.3049973096279999
-0.10481471658626229,1.0,0.5114160179772334,-0.47422786958496177,1.0,-1.0,0.9350311596634249
0.8339511411948429,0.9500891316354054,0.748877310580347,0.8174373744111241,-0.639291520679035,-0.5094427621198165,2.2947303528208667
1.0,0.26775683716249743,0.743839481820179,1.0,-0.5601212848010824,-1.0,7.135663473437579
0.08895139991706641,1.0,0.8305522535478491,-0.005487345025007029,1.0,0.23995926475573812,-2.6699279119930726
-0.4846993888031328,-0.6339131468362204,0.33439071178935476,-1.0,-0.2344832197557316,-1.0,4.859016403644257
0.11374855817309734,0.5834157077017248,1.0,0.012049288342915188,0.14441510198860394,0.3852231420834743,-0.637692287528766
-1.0,0.20324868721125844,-1.0,0.14834230392684866,-0.4758408244215879,-1.0,4.135620431432056
-0.21234560784366652,0.8318216579734139,-0.8727065420215574,-0.2586060203812961,0.09704616240184924,0.16426028659517233,2.1533212268113515
0.9890406994664174,1.0,1.0,0.2702885056957167,-0.49275315117748286,1.0,-1.382493709123785
0.6146140373874036,1.0,1.0,0.49284544688163745,-0.6577549164123256,-0.8546722928432783,1.5136603186405297
-0.7944484076721718,0.0962195687649664,0.1364761923736204,-1.0,-0.24311102571350543,-0.7590759865474104,0.8761720880247982
1.0,0.988719240531968,0.06516919728618298,0.45297505620702405,-0.7047839928676743,1.0,6.550313913819562
-0.8152555660450337,0.5412249811459781,0.13124521014955148,0.0697847371333975,-0.2794015101556495,-1.0,0.5362198961060058
-0.46191402794810865,-0.33190720739340374,-1.0,-1.0,-0.37959588955713275,0.431469781480152,-0.9302250163591146
-0.28167504444911995,-1.0,-0.9800950758084517,-1.0,-0.5476791464731972,0.9961959661838332,1.1515925471178325
1.0,0.18425953811751183,0.4631625881133512,1.0,-0.22229428110126426,-1.0,6.609440104811747
-0.7197735363954203,-1.0,-1.0,-0.07795293743346354,-0.23370548387450663,1.0,3.184113798789424
-0.8434325203019971,-1.0,-1.0,0.26638069849311796,-1.0,0.02832894957801768,-7.118142832349619
-0.5891441070110054,-0.33759577768450266,0.15910526391686952,0.5452954176696965,-0.3717124615194358,-0.6463971424965902,0.6400732956564612
0.19091923949968215,0.20321556576692545,0.25195528273491824,-0.11490063514196702,1.0,0.5930332640265727,0.409176550749844
1.0,-0.008305408813865545,0.3559876033394138,-0.042279457652779295,0.3471987725400998,0.607473553696192,-1.2794409487144276
0.14458353582512862,0.14122139591564786,0.8161018640671007,0.29599234106961125,1.0,0.5729572581185887,-1.3276308589005952
0.06656597762833971,-0.7654079904057289,-0.2815082414277078,-0.2929482507262706,1.0,-0.4645769921511703,0.19505415779805602
1.0,1.0,1.0,1.0,1.0,1.0,-10.568537053631545
-1.0,-0.2505922719385748,-0.6804901736359716,-0.29217529189027497,-0.11452503096457822,0.5810943448851875,-0.6590513281697563
-0.7809587238743071,-0.18349448935109294,0.2728161892279122,-0.40423288152442627,0.09563454834237994,0.2931368488599202,0.36727190416733546
-0.00016661473177226327,0.6245392665843537,-1.0,0.4335287972198162,0.8065607924965551,0.10130984915902697,-0.2255814612212252
-1.0,0.8038450882992756,0.20180451089951862,-0.5571559512387705,0.02588460423022848,0.11910826535332542,-0.7626282254824897
0.27747427943904523,0.24762611881630847,1.0,1.0,1.0,-1.0,-2.2106254180318006
1.0,-0.07945124306272322,1.0,1.0,-1.0,0.006699860230507004,4.627891056062051
0.32646243003507486,0.01730587914112819,-0.45754322406240344,-0.4795033730013689,-0.1420426281817786,-1.0,2.580302598650407
-0.03529040975196618,-1.0,-0.36666374618249375,-0.10735025466050274,-0.3747550866043312,0.5733812148627236,-0.4284163350691487
0.873243141949489,-0.5542703775091338,0.04001474688850287,0.16964849843853255,-0.6868676345369724,-1.0,6.913003687045273
0.5669346602017873,0.10705651115512005,0.8953741831100517,-0.07337152281521236,-0.3402513432260066,0.9174365883698198,0.3198891161876317
0.32737253905554686,0.6158299879101989,1.0,1.0,-1.0,1.0,-1.5764682734033495
-0.8699561772594602,0.13865503069445306,-0.20636386641519155,0.33364678707688245,1.0,-0.01563941280682274,2.6459532526069873
-0.38326590317883485,-0.4480474793189846,-1.0,-0.5311681197987164,0.14079765369895936,0.6865302270177079,2.58210221289393
0.8406684502546953,0.21153878920698985,0.6764100332804917,1.0,1.0,0.6586442989911742,-2.9596229648981565
-0.19384211861513342,0.45575764775168803,-0.6922190270877349,-1.0,0.5866433768656101,1.0,7.397604497045301
-1.0,-0.5245853380127627,-0.21939955056047677,0.06697957615016986,1.0,0.1299774665924476,1.7215670981238826
-0.07481668914299422,0.616799030718303,1.0,-0.5517154611895084,0.9795955636258411,-0.12916819897197807,-0.05538741707864575
-0.14335842136728666,-0.028720375510649966,1.0,1.0,0.43268875146523933,1.0,-2.282309881115572
-0.33319219020465607,-0.738296713755368,0.09633952008253022,-0.5368838369659218,0.18687108232633315,-0.690192643191524,2.5275607630752743
0.43794270846595207,1.0,1.0,1.0,-0.8834852792365736,-0.8442141919951042,3.3553438921875216
1.0,-0.4375025078650663,-0.5624400676307951,-0.11004273955106075,-0.3330703079269088,0.8725395787044717,2.632577553681444
0.5425248216381267,-0.9785165810812311,0.7872512796061901,0.27701772285326254,0.0944128384354872,1.0,0.5713254298949617
-0.3056586435425286,-0.45629353000663264,-0.5527859286091503,-0.46045841768913864,-0.030128392091226114,0.16563835029047885,-0.8913365780001401
1.0,1.0,0.3737974083636189,-0.7931346930105445,-0.8431161099661324,-0.9594668807281685,7.337948754008046
-1.0,-0.510210415326593,-1.0,-1.0,0.1776310093434028,1.0,2.3010610224043
0.02411246403940437,1.0,1.0,0.2712877197333998,0.06199429878333418,-0.0067558926188753254,-2.2729383686877487
0.07062855634095011,0.10939418463713801,0.3762543693006486,0.29016736090852957,0.3161718310635593,-1.0,2.4173203403097605
-0.05197510685679119,-1.0,-0.005450543893280924,-0.9168978120033593,1.0,0.527498938930897,-0.15869131022053748
0.2571855299085911,0.3276495676439084,-0.9995717271814311,-1.0,1.0,0.5162884145869759,2.298193617662562
0.7756719276100073,0.12044828837824562,1.0,0.8340146559347017,0.4399457899502668,0.5081051407998975,-3.2441244934686955
-0.7640840428325542,-1.0,-0.603884079283221,0.25924622125500035,0.8712823634201959,1.0,4.398626178314953
-1.0,-0.7822145750729748,-1.0,0.054662382250113994,-1.0,-1.0,-0.07092572009873199
1.0,1.0,0.32188402987619136,1.0,0.8619604086383243,0.2907042482103841,-4.11279489904361
-0.5442005957392704,-0.46279172986865214,-1.0,0.019488262495073017,1.0,-0.007282321497696587,-0.16108800039727666
-0.5348607371470477,-0.23456136894712132,-0.6492914160145311,-0.24202543144783406,0.4551181697985176,0.09393331905473135,0.2571412368038093
0.4500435885682659,-1.0,-1.0,-0.10743581505218414,-1.0,-1.0,2.8925865421723387
-1.0,-1.0,-1.0,-0.6206754936435059,0.1716798004442499,1.0,0.8226648050905391
0.8816079426443016,-0.009247871762940174,-0.24669290545015302,-0.7930095830373414,0.542440549309797,0.16618814613427907,-0.6750629993156774
-0.41595736377941495,-0.2844078069188303,0.4928415764070587,-0.3378928500706291,-0.6295005679773802,-0.32206257668460525,-1.5481443270539792
-1.0,-1.0,0.1827935599403121,-0.6870516351246108,-1.0,0.3202912577708263,-1.2447155664584493
-0.24011177268911826,0.024277802093049916,1.0,-0.4332812302531929,1.0,1.0,-0.6356578968039401
-1.0,-1.0,-1.0,-0.03495050970641134,0.896521287116068,-0.25234081351275306,-5.04647797649511
1.0,1.0,0.3735654683153984,-0.0447221142613799,0.23629682087975024,0.7028359569465401,0.2621478549326821
-0.12973498708735398,-1.0,-0.10325278922271175,-0.931612920681582,-1.0,0.5742320788893952,3.3452441322299764
-0.029747868235528996,-0.09411942575275423,-0.9894871648366325,-1.0,-1.0,-1.0,1.8288375465701596
0.3873041083294677,-1.0,0.8163101298224175,0.1612323759308119,-0.6981821532842101,0.6101753321351218,1.8560524719900013
-0.4361437565009746,1.0,1.0,-0.320922636982601,1.0,0.8466289096024129,-1.0950185938856982
0.14774619897365038,-0.5867620764593869,-0.3384390207801661,-0.9373471316981414,-1.0,-0.16070148863410327,3.089458919737905
1.0,0.3572978264054125,1.0,0.6341961992518301,-0.07392620415826226,0.16112020986019293,0.44557956048714265
-1.0,-0.5548535862518666,-1.0,-0.3131967363402563,-0.44402620936475246,-1.0,4.352064702768127
0.6604757057871586,1.0,-1.0,-0.5183663925202922,-0.22540624163124245,1.0,8.845889572455318
0.44901976395763854,1.0,1.0,0.17615162136670243,-1.0,0.27964880948038573,-1.3462493815495353
0.7848076075105256,0.4277692825331998,0.8935336287596779,0.7548840505508961,0.6899872926756973,-0.2443675612901408,-1.926941261971288
0.34094389601226205,1.0,0.5882602917125893,0.7423159767231718,0.6422603439103852,-0.15370594236368507,-2.3810930857265893
1.0,1.0,0.26972712928446974,0.5303038175673793,0.3420030704866356,-0.5337634103424586,0.22895216513770794
0.14406137211482462,-1.0,0.616119465552617,0.20825041030298602,-1.0,-1.0,5.586325778517904
0.13550225473650845,-1.0,-0.2187473593600976,0.527954569557366,0.47170441322033874,0.8574488261887455,1.0041145634472133
-1.0,0.19967697467804546,-0.761978303762807,-0.15988472950636495,-0.6751446845535511,-1.0,1.7540995837805806
1.0,0.881662576237916,-1.0,-1.0,-1.0,0.9471699426466496,14.7531688884153
1.0,1.0,0.12138317433033519,1.0,-1.0,-0.14799422252196434,5.330854541617655
1.0,-0.4413297151680824,1.0,0.16278039904884117,-1.0,1.0,4.736411362564438
0.6900920379373099,1.0,0.1720654332135338,-0.4894725668533821,-0.6560780791938677,-1.0,2.748880600239046
1.0,0.24979560759419184,1.0,0.6196523381542494,-1.0,-0.8556057003635433,7.531596050395493
1.0,-0.6291194952373229,-0.7552517326107661,-1.0,-0.966300678989787,0.13930431581120895,6.823901114191049
0.4887613232356259,-0.44820451575174597,-0.5904730295550926,-1.0,-1.0,0.6567516235229284,4.2682172834031595
-0.12215195799067446,-0.6546958322301064,-0.8400929516871953,-0.7771241995066493,-1.0,-0.5304238865934572,1.052526695147123
0.29907504665615003,-0.5762564726475506,-1.0,-0.6563052823791362,-1.0,-0.8210065236409501,3.3718267552971266
-0.006905094171786252,-0.21389804529682607,0.4980078098285634,0.44641903500079483,0.12296974290649454,-0.2637567170965897,0.7943870781804594
0.27427167762494414,-0.436175111016183,-1.0,-1.0,-0.44143039526072614,-0.7553739761482738,1.7939303067605838
-1.0,-0.20250180151532837,-1.0,-1.0,0.1935087827376747,0.0034674411957575924,-2.577053269344123
-0.13440406016174689,0.05292412351870768,-0.8080409978413003,-0.5986690682865017,1.0,1.0,6.677764543255907
0.7161180277519201,1.0,-0.21150564310417785,1.0,0.11565380836650863,0.07922243949941438,0.8857481296391645
0.6846950884932967,1.0,-0.2439259986668103,-0.48001584656996105,0.15351906364743476,0.26752321582745175,0.9388293815145795
0.33867217095902713,1.0,0.4976098168340679,0.9653881263102604,0.03810576383642161,0.9120167503940549,-0.5126722751596497
-0.8248372409232259,-0.7707357794652828,-0.04923747921253957,-1.0,-0.8127408793646447,-0.0856826966204034,1.7059036691338778
-1.0,-1.0,-0.9704422224029546,-0.41710792316955186,-1.0,0.6254486168017089,-3.6031833681668752
0.7325366980512261,-0.7244276708036796,0.8885389948879239,-0.7736790512460137,-0.805112156349783,-0.3526068125279467,7.214244578235456
0.5970697350606015,1.0,0.053203143429701893,0.17039464843153646,0.2883605286246632,-1.0,1.8495634591765848
0.08813288977438397,-0.6656598592804719,-0.1437792300911948,-1.0,-0.1315295970656769,-1.0,4.87513701771909
-0.6074808327804226,-1.0,-0.03978633025301026,-0.6357595469351164,1.0,0.1753063891261244,1.2666367791509439
-1.0,-0.18464350122250206,0.19866717864484884,-1.0,0.8215758348005125,0.7460755084519397,2.8305966743264666
0.21413114007796274,1.0,0.0971867586922712,0.173251982663999,-0.3046948415730945,0.22269672179491928,-0.1471830622843177
0.8080756414516399,0.21476297830364138,1.0,0.5903927382650289,0.2566388002325876,0.5459148364265974,-1.7420649163778126
-0.3761693703547924,-1.0,-0.39522971169490284,-0.13775921667536833,0.35946819323977297,0.3353971307354333,-0.41494224328147505
-0.004279251445267279,0.5688936193766498,0.27743897514383653,1.0,-0.29518468479383775,-0.07556575930696319,-0.04825814426734662
-0.6862803024024885,-0.16416984602837648,0.8067266871898111,0.8606867042386187,0.3522663193846064,0.5374480837565379,-0.5610873022753089
-0.01608170871773984,-0.8603760875766862,-1.0,-0.11426370350963033,-1.0,-0.39256350572616006,-1.7692504323977474
0.6760022044306387,-0.17908260081555705,-0.03106496766695522,0.5794058231876846,-0.11157536466531337,0.024889355712060246,0.7039323301730335
-1.0,-1.0,-0.48331980140236463,-1.0,-0.42046331763599043,-0.7659917714646104,1.4716601207481466
1.0,0.620388094942435,0.027401387520435083,-0.34069120007736053,0.6433629464378903,1.0,1.719175518794195
0.0960534667171803,-0.6115854957390264,-0.976250772674033,-0.2996393877718571,-0.8999951901541959,-0.9187318650038273,2.704076190838735
0.6267508996410567,-0.2743489925057329,-0.44003719774867406,0.8224294082372946,0.9256025497187994,0.9961078160411487,2.453871904508749
-0.04281714966081118,-1.0,-0.16664907520057198,-1.0,-1.0,-1.0,9.066130811580962
0.5752262111380697,0.17020290413241024,0.908764966669892,0.5659279687042544,0.37459000264934417,0.07027621118174121,-1.5217834767933653
0.805951872135968,-0.1718659142248984,1.0,1.0,-0.4451777265496671,1.0,-1.5100871812369205
1.0,0.5252751407058864,0.19091602352967457,1.0,-0.34747124255931083,-0.2794247531762317,2.250031312704457
-0.432012771785935,-0.18315006057893224,-0.6996136712861938,-1.0,-1.0,-0.652557846754894,-0.18790989559292492
-0.38965669956335536,0.13438181916819747,-0.14699473733748647,0.5506818395061365,1.0,0.18273088879790916,2.0430921237622743
-0.23240779631696473,-0.9861795007044634,-0.08258105054049159,-0.8243880323349246,-1.0,-0.6971093122844367,5.970685765899868
-0.7542262313262589,-0.9985385085293497,-1.0,-1.0,0.1507631706463245,0.38857715826999967,-5.567556677124612
1.0,1.0,1.0,0.08445700755677632,-0.42360075565378175,0.4041100007222892,-1.2240021334561657
0.36486735945944493,0.11607519980518666,-0.7436142394437533,0.48429157266036593,0.5214298780374012,0.24854764943932872,-0.409969863905419
0.2092515991218507,0.28083717834088096,1.0,1.0,-0.08962201929970137,-0.032484368816076636,-0.4992331542899612
-1.0,0.0930329126918833,-0.6916158674072445,-0.6693950806391683,0.2750409775104872,0.46325229773891374,0.9732438158380091
0.4096012997924905,0.45241350250550627,1.0,0.8555718097666836,0.27375889939214615,-1.0,0.8620429407858421
-0.6433640439580098,-0.902394449270686,-1.0,-0.4133140082959833,-0.6752150354913572,0.08764320245218626,-3.5572418677957716
-1.0,-0.8634161059642045,-0.9961523980281786,-1.0,0.5951924668775388,-0.31026919804847,-4.819956068073172
-1.0,0.7359412444580883,0.11978388188011291,-0.7041192653407132,0.08168296689245297,1.0,1.4902003796566876
-1.0,-0.757174219993592,-0.6192200470093356,-1.0,-0.6058328911928712,-1.0,3.2871679147083244
-1.0,-0.5929795517896574,-0.9248773277042811,-0.7826293439043401,1.0,0.24251572813200062,-2.869010163769783
0.5210764484939916,0.8573551122027474,0.22450931030477794,1.0,-1.0,-1.0,6.793094157484458
-1.0,-0.35936777695536803,-0.666182580050974,-1.0,1.0,0.553192749695752,3.121877241329744
0.4858443522205079,1.0,-0.3426579709537153,0.7719666365814959,1.0,1.0,3.6461131506026145
-0.44171758184590737,-0.41653943796893045,-0.2148286446251333,-1.0,0.16286924280853549,0.5635250738222779,-0.4991722465275297
-0.10973693369898674,-1.0,-0.17280050246513623,-1.0,-0.5667741322948672,0.15899126962628862,1.5023453872510473
-0.7584274067917017,-0.4743513983900977,0.2005567096644436,-0.14544227241952745,0.6125943869011441,0.19446549297744997,0.6359508448004868
-1.0,-1.0,-1.0,-0.1797553333505768,0.016133520053927652,0.22759590153551162,-4.443536305566708
-1.0,-0.7033927431561782,-1.0,-1.0,0.7057105458856419,-0.35532069038945213,-3.26902343691346
-1.0,-0.7192276802019466,0.44339597397831204,-0.251015229498467,0.23506999315790889,-0.5270232324117814,2.600558222837431
0.3470325810149675,0.3186918562579537,0.41583119043662964,1.0,-1.0,-0.11863887487673441,2.163131295466857
0.05214960673706123,0.8090650860424976,0.3791649688088004,1.0,-1.0,-1.0,5.505342836931779
-0.36097404156333357,-0.5742577813728149,-0.6013808813277693,-1.0,0.035022516614184304,1.0,1.5923819964331603
1.0,1.0,0.41151612885497324,1.0,0.6049457890550418,0.760651455977544,-2.483165098824516
0.12291014867285299,0.7548552792643914,0.599003166556229,0.5436583905455559,1.0,1.0,1.2718345860014177
0.5687519407641712,0.1211162574325598,1.0,1.0,1.0,1.0,-4.103436375323661
-1.0,-1.0,-0.07721352893010372,-0.8574655724107161,-0.650869369085738,-0.6429846541665138,2.987048507651273
0.2706775421655313,0.4432952463668939,0.7784588276568783,0.8811276270430369,0.6431035856764439,-0.39107153233399505,-1.0358974696043959
1.0,0.9238557906845868,0.06347508444218564,1.0,0.18909187957208734,-1.0,4.418192918192464
0.9559276018860969,0.7364603416341758,0.719198710731528,0.25757470542822003,-0.2989178183528623,-0.45650428305713275,1.1932062764480043
0.4665546031842277,-0.13994551623972382,-0.4015877429232292,0.16620684676673259,-0.14076283413157453,-0.9977523333964534,1.8728982578726483
0.9691876673048261,0.24448947647186897,-0.9199789483327216,-1.0,1.0,1.0,0.909746086570363
1.0,0.032273263254846585,0.7379617074398152,1.0,-1.0,0.1193012948175757,3.3647817832470492
1.0,1.0,1.0,1.0,0.030168848869004734,-0.15069338415528916,-1.9133859588052393
0.8488771622646001,0.12220999451596992,-0.3972085136208938,0.3827333209481337,-1.0,-0.7160469836126117,3.832719805066196
0.7654456426949492,0.9158372493626943,0.2972907011812518,1.0,0.7121540870109073,-0.3032581167189581,-2.473487214165041
0.043868196051960184,0.5940711025797496,0.992521455612531,1.0,0.3283118111527164,0.07772341243006298,-2.7451816219987326
1.0,-0.09460005168416108,1.0,1.0,0.18459894305939895,0.030676162344431157,-0.865546978592457
-0.21323352320908706,1.0,0.7714845907649304,0.9833384871570823,1.0,1.0,-2.3759442923489003
0.7270575078578232,0.8623697328713675,1.0,-0.09798244873021278,-0.9154506198622197,-0.3146239792256165,1.0854512492282058
1.0,1.0,0.6462458673877196,-0.13728212355017783,-0.6201944890035191,-1.0,3.767759799744404
0.3329025914758822,1.0,0.6684411731644785,1.0,0.02966438628181134,-0.7197961011346901,0.2693776561700729
0.9258900997792755,1.0,1.0,0.43313543756057893,-0.2650541381644821,1.0,-1.9816418166089549
-0.28440038894476494,-1.0,-0.8468618092708926,-0.6352926974965742,-1.0,-0.2724389211447793,-0.8882126692898412
1.0,0.3815971988662128,0.49165138317905144,1.0,-0.6372402391916648,-1.0,8.604644404222858
-0.003680981237085823,-0.3106080566319579,0.441228824467505,0.4735863635270494,0.3226142666202341,0.5491107593619675,0.708990250739799
1.0,0.741389244574147,0.46112267451466593,0.4941510444432822,-0.520988267599493,-1.0,6.586534512781906
-0.1273445315164644,0.59459082035053,-1.0,0.14078462126321584,-1.0,1.0,7.399599934019143
-1.0,-1.0,-0.0961233589168633,-1.0,-0.8245860675881295,-0.8726442633913934,3.822998915767248
-0.40498606636839296,-0.7870847145802089,1.0,-1.0,-0.8513278857755711,-1.0,5.015727604819168
-0.275219700513195,-1.0,-0.4871293752623707,-0.9597713509011585,-0.29784477372856444,0.3391675450886136,-1.069889222767124
-0.7116147108305921,-0.6512529231850805,-0.9189638225322891,-0.4393683134106916,1.0,1.0,5.213484131585886
0.17906788578419586,1.0,0.7495406629069099,-0.4897962180849997,-0.10246573391308611,0.9324340632525767,-0.243319431615726
-0.14993688023780927,1.0,-1.0,-0.19388744840819908,0.11296807666006026,0.14680671507559517,3.38314340727767
-0.3269576221164018,-0.021773701051752914,0.7532344275694788,-0.4568237523732659,0.07033175005243067,0.3075866947118644,-1.0432761575269194
-1.0,-0.551787515149489,-1.0,-0.10479583386432745,0.7017692402938686,-0.004990769420998615,-1.7022361025735508
1.0,1.0,1.0,1.0,1.0,0.7909074083819372,-10.267456724712618
0.4399915889020738,1.0,0.9245279324544724,0.8926482414141854,-0.10399618988996362,0.290293128154659,-2.2066572504693043
-1.0,-0.34723809192014854,-0.47938936692872613,0.321937542787478,-0.2517218280761053,0.2457065565547144,-0.5038669046731451
0.8808851256154031,-0.3655123435469647,-1.0,-0.39709713397550894,-0.6628189377033638,-0.05749729785717565,3.305385483527674
-0.7178508483700767,0.38882195835597977,0.6885288485780632,-1.0,-0.3500101791114028,-0.7400176237131053,-0.2937391796079317
-0.8691576103003819,-1.0,-0.9292193527606344,-0.476098899078494,-1.0,-1.0,1.4187018674319598
0.00451454469892415,-0.5630798593962375,1.0,0.08822039994393255,-1.0,0.20002322911625472,-0.06571169642972013
-1.0,-1.0,0.284403019556134,-0.040529678019146975,1.0,-0.23011695136399618,4.756875861331132
1.0,0.49865437279574965,0.5247492978140806,0.5075157134696064,-0.20744527361138687,0.32688303157989673,0.01846752319018516
-0.6614718616495098,0.31114851793389,-0.17286835170829784,0.8628714349362386,-0.520618612691466,-1.0,1.661932856114472
-0.038753734602653134,0.4031574274718428,-0.4306374141094324,0.02635039345468071,-1.0,-1.0,0.4836978080979345
-0.45740032842256795,-0.06684753655203313,-0.6316763484694717,-0.8095095826519716,-1.0,-1.0,1.049597695385908
0.8781005461741516,0.22964430096610844,0.8315145576102483,0.4153467206496261,0.5306135834264928,-0.22259367243689607,-1.4582439181635725
1.0,0.16289291365528347,0.8212839991515875,1.0,0.4267214751695896,1.0,-2.150105176934383
0.13404026724386342,1.0,0.17660994696642252,0.7382937008171365,0.006806929559073582,0.42460768450842523,0.10217780662067072
-0.22650852417506973,-1.0,-1.0,0.18446746955308252,0.7173221920471206,-0.2823288472993075,-2.661347352866651
-1.0,-0.9740769738017981,-1.0,-1.0,0.2773633827246924,0.33845324270749433,-6.958803685807855
-0.7901054477558974,-0.5666692425774299,-0.9454229234300103,-0.4686252298715071,-0.5272211462636137,-0.30295986964067523,-1.5810154434563435
-0.4361605910129362,-0.3521756265382407,0.6986292931640876,0.08792960106790215,-0.37469432032718597,-1.0,2.181127604229577
0.538036763069342,0.08030371238435863,-0.327013243173653,0.4374911499573955,-0.6989064787541905,-1.0,3.7909101346777545
0.39364669003051267,-0.45439789425575605,-1.0,-0.21206571393164236,-0.7412745160112841,-1.0,3.4995610331781277
-1.0,-0.2779561230691612,-0.34305825800325707,-0.014315583809684784,-0.39701416006627566,-0.4675587214319572,-0.29654125291914846
0.35857688682672206,-0.11159451758395421,-0.37026175428675545,-1.0,0.4259992003406335,1.0,4.094600334953378
-1.0,-1.0,-0.8995614935078922,-1.0,1.0,1.0,-1.3539965257693791
-0.6902613605069925,-1.0,-0.3627401997176722,-0.48322543180345456,-1.0,0.8051824565714912,-0.5459822081981758
-1.0,-0.4269790774122956,0.24572158586329557,0.14075153418788178,-0.6264442696881094,-1.0,1.5623141302837937
0.3258263894243325,0.23418218910741284,0.9990447292647326,-0.5297493029480875,0.30582271726117005,-1.0,1.0581984509192437
-0.19259306127524844,-0.6189169617497938,0.09861887885068452,-0.26414843558422363,-1.0,-0.29742483044230955,-0.06462564323163145
1.0,0.11365904002859151,0.25820182760175125,0.6343951108996837,-0.5302640691898688,-1.0,7.7191208461150245
-0.6702181262106832,0.5591782217189321,-1.0,-0.0133190755570608,-0.6414689856183693,-0.9623190304041118,3.355495623512273
0.04001246404880826,-0.27146357937952664,0.5815166509302356,-1.0,-1.0,0.5294875359644298,2.5575799823855205
-0.8898647872858145,-1.0,-1.0,-1.0,-0.24452741702714328,-1.0,2.0747869216654475
0.2144346859812618,-1.0,-0.24843141987610806,0.965352647771403,0.7607867985755233,0.29039768820805334,-2.0942405923556207
0.8245661747470527,0.8585213111421386,0.7791308016752521,0.16300149847654433,0.6841529501620108,0.03830725303575122,-2.464145102724189
0.5940513735355899,0.28346530030142425,1.0,1.0,-0.177836740975006,-0.07865364504726746,-0.15149111744079274
0.08311298099675524,-0.35682067880420143,0.6635159468888878,-0.6058984743903284,-0.005098229546996347,-0.22281410697343618,-0.2829026204658794
-0.7428853167195941,-0.686425292118539,0.012353720110506061,-1.0,1.0,0.8586537406204742,3.958629577305759
-0.7224896081713938,-1.0,-1.0,-1.0,0.7516440858841039,0.5355913265740626,-5.358586665959121
0.7913795015062193,1.0,0.7710788579125274,1.0,-0.7671708953540647,-0.713102332913791,4.863522884524255
-1.0,-1.0,-0.4998746003372201,-0.6180755962895066,-1.0,-0.4940984806850164,0.8701591312594934
1.0,0.6737189805720358,1.0,0.8041927100853987,-0.978015769827931,0.826643050709396,2.7904788980276045
1.0,-0.14285811338544252,-0.918202126683503,0.7687934878436737,0.8803732519207975,0.27529222343955906,-2.1440624035131015
0.6758664348417514,0.8494393955913402,1.0,0.8955848060194713,0.07323035461700544,0.6709509371620156,-4.34402935132206
-0.11631589174139567,0.03473107392535424,0.41978079676784663,-0.7169140893152895,-0.3527658193235789,0.035005379229400335,-0.6691160001102202
1.0,-1.0,0.8344686310615251,0.5103834025686087,0.34129456848003126,1.0,0.5786109870454672
-0.7304459408566852,0.15572112515156505,0.012447258572993447,-1.0,-0.3511137827140526,-0.25475942547976516,0.08083193315633674
0.30062523333544555,0.17720834889752712,0.9443175784641158,1.0,1.0,0.3482542291850077,-2.3341595319820234
0.5785811414595594,1.0,1.0,0.6311448913666591,-0.10212941418022636,-0.04700038299758369,-2.5957438915110034
0.8806599411992124,-1.0,0.8668185008292504,-0.33849736242496486,-1.0,0.36961768298626535,6.244130568626229
-1.0,-0.892906256508898,0.281929100101989,-1.0,0.9692920413627097,1.0,2.374434614520451
1.0,0.5786576385879927,0.7476316969790017,0.1686872363282299,-0.7669993934449941,-0.7764677548637678,5.28613049657476
-0.7700312879460061,-0.2183400213877782,-0.3939096582553785,-0.29026055064994316,1.0,1.0,4.745423654495906
-0.7194393548991158,-1.0,-0.3086590190186945,-1.0,-0.6241227233371952,0.31695322920722324,-0.9130748318192544
-0.29570487861366046,-1.0,-1.0,-1.0,0.6248824377695048,0.8513197628649931,-3.020480741874063
-0.603421748276528,-1.0,-0.5012683432686316,-1.0,0.3803482503177687,0.6183962075689522,-3.519674443000618
-0.02760423702090295,-0.3134469449778402,0.5134206951347239,-1.0,-0.9675970057122165,0.20356858107286013,0.9111861042597916
-1.0,-0.5226792445508623,-1.0,0.8367981403603445,-0.3634251916916848,-0.053714901562944006,-3.365403963889042
0.35363347631679465,0.2597089119716016,-1.0,0.27667164569823327,-0.13924540409047562,0.14926065804649175,1.0698325933183455
-0.8261846503870913,-0.06438652829842945,0.23702274437941906,-0.3237941304159695,-0.4003011677429039,-0.7359786463517848,1.6338437227409601
-0.21008920375841655,-1.0,0.31601785158428874,0.6659488875346699,1.0,1.0,4.124909113255985
-0.7796424751124916,-0.7122255084130031,-1.0,-0.5158638533744131,0.8183335528859956,-0.29436330712017267,-2.8641945553798998
-0.02463957569939622,0.6495625528641609,-0.1103139510300556,-0.517753788141822,0.5612904627405213,0.875194462027997,4.961158882273698
0.7953932738854295,1.0,-0.8119682689880561,0.0013373659068118826,0.1172961206358678,-1.0,1.7254563225548778
-1.0,-1.0,-0.4393056927414757,0.18995377154232157,-1.0,-0.29821128082157145,-2.495174322249583
-1.0,-0.14037775077426218,0.12432187419148348,-1.0,0.6219974447666641,1.0,2.0462247257246755
-1.0,-1.0,-1.0,-1.0,0.708891656916014,0.390238008862519,-7.724008621187616
-0.3885324742819707,-0.22285854174454922,-1.0,-0.14379987256273474,1.0,0.8464963121481224,4.606421053183237
-1.0,-0.9632402656910538,-0.7959629899406426,-0.5343750045886775,-0.7313273535832157,0.17655505485825995,-4.558875318638911
0.45151735248621705,1.0,1.0,-0.37267275006776435,-1.0,-1.0,-2.819476582144409
1.0,1.0,0.3628375091114884,0.6976525920570797,-0.04510972217489693,0.3549784991848842,0.03849614105930854
0.8803424087003142,0.9352455068101098,0.860394175188159,1.0,-0.9322306297181004,-0.042361793934688086,2.905394715340772
0.19266082844885446,0.12462587779029033,0.7637908132603388,1.0,-0.42065689655689853,-0.7277900253385516,1.3017503789933054
-0.3035431838687379,0.44290834736931545,1.0,-0.8686404759323738,-0.6801538403167819,1.0,-0.8448172142758521
-0.6870749294777247,-1.0,-0.23539828791542008,-1.0,1.0,0.04768860112932707,0.1018151149587394
1.0,0.5594484626248091,0.43979418855610763,0.22724195918707912,-0.9262938900646547,-0.04105075244855494,1.4633958938843101
1.0,-0.21665344668076136,0.6149812381229522,0.13064065365765531,0.04657002706369584,0.37299557076881473,-0.5357538478436812
-0.8384841610750124,-1.0,-0.9688182156569414,-0.49309941397954776,-1.0,-0.017220942024377406,-3.6330818714034807
0.33349832670406343,0.7913818930209993,0.011242932386378246,-0.6737317299684932,-1.0,-0.6880917755863833,1.9171758618610495
1.0,0.33232976919179924,0.05266566866285305,-0.040644124807425686,-0.6870277074576744,-1.0,6.3458589350520525
0.2343346378164246,-0.3135813186292932,0.36875210203583425,-0.49185538483293945,-0.15346690534263185,-1.0,4.415806105146439
1.0,1.0,0.6605594812917489,1.0,0.30075150118733707,0.9375766449765133,-3.4877487967453105
-0.07037478016475807,-0.7021886627612988,-1.0,-0.1929290385112491,0.03980102439221822,0.8293198992939668,2.6222740979631807
-0.5693584432113867,0.032140967982562274,0.24804167737370497,-0.008958838896038268,0.5046587829206284,0.9176146709617903,2.2721758981733715
-1.0,-0.896701893514892,-1.0,-0.12121218662331712,-0.5840364362154122,-1.0,2.539042240976722
1.0,1.0,-0.6655249373022688,1.0,0.6360796107802508,-0.38758105121569386,-1.0279486098466655
-0.2680238228781389,0.22661472559667195,0.7021832618460955,-0.11411944154752401,0.20275236670179814,-1.0,3.1751584532507096
0.7923456631676442,0.038928160762518704,0.6799002021182567,1.0,0.6618281921515683,0.7821926552873528,-1.7332952121769825
0.10617480298924664,0.19811525124607243,0.46966536861523467,-0.3170869750321684,-0.6735835038340452,-0.9981502748730382,2.1546881538693565
-0.3881678200497047,-0.5826524654142741,0.4589698285641399,-0.03235821242622655,-0.5128555667250525,-0.7335697681984392,0.7666880743527614
0.9964444418017853,-0.2359837802022432,-0.0879080816825091,0.02676544777103962,-0.9545625148886784,-1.0,7.031487598799196
-1.0,-0.958942082450011,-0.09896930255608294,-1.0,1.0,0.21480336018087665,2.0109692247127766
1.0,0.6062616780634076,1.0,0.6264396098246784,0.5971608713760606,-0.30524772326355804,-2.108815731236204
-0.46072042076801634,-0.5323257599754585,-0.264782204377086,0.6066541048738536,0.14043880236437037,0.8309444358029199,1.8784031358487212
-0.057658258134257845,1.0,0.8990572228704498,0.4591839044822635,0.7010857458287518,-0.2683079682301319,-1.8803694679116454
0.177374153568018,1.0,-0.037897456955603426,1.0,0.3942589900457557,0.016193216283698103,-0.5076639315940586
1.0,1.0,-0.47537655820077673,1.0,0.3055762376863269,0.7978402907738358,1.6069978783083891
-0.417726271717857,-0.9952782583300315,0.6394490112924635,0.638145946221345,1.0,1.0,3.8368998058392205
-0.3606560579491134,0.8237149903872416,1.0,0.5837318234140596,-0.37099702670393786,1.0,-3.3170728667777203
-1.0,0.4768858347351383,-0.3102791730866228,-0.14931764471117592,-0.3377675223232164,-0.8643815437162319,1.7225432409971477
-1.0,-0.8537942036450225,-0.3413785459300622,-0.31240661491211746,-0.2934667432204335,-0.8224565245193249,0.3422347364004581
0.47802754004317655,-0.668689888760386,-0.5618872064868639,0.7062283171382451,-1.0,-0.15524866003937188,1.7027345775520006
0.9291529406967383,0.01880975926194739,1.0,0.9767630166931673,1.0,1.0,-6.402920212355449
1.0,0.09337444249076732,0.39527398522505597,1.0,-0.565718175683301,-0.011783734604677527,2.337780273095521
1.0,1.0,0.09889815692908277,0.4064755822325783,0.135827327438091,-0.14939127661235463,0.513001850744364
-0.6760277572125912,-1.0,0.26330210067895177,0.8286941864661418,-0.9861438611047193,-0.8789963617654298,1.0381992591128812
1.0,0.9387043560114126,0.1146496622616319,-0.8791505650428357,1.0,0.12243368439371308,-0.08560010323729711
-1.0,-0.7153698192540563,-1.0,-1.0,-1.0,-0.3503505336395283,-0.7959827806263695
0.21597871731643026,0.934804493429781,1.0,0.18920036744940916,0.6631279704617106,-0.49075958209660453,-1.8621183941572936
-1.0,0.8140264669194044,-0.018899415383334173,-1.0,-0.36308520949266754,-0.3690750138393459,-1.7978054227449876
0.7623395027028722,1.0,1.0,-0.8680271178318364,1.0,1.0,-0.8328633938461947
0.12782774161598187,-1.0,-0.13097950979301662,-0.6518987473677801,0.12128927377610899,0.5964404376692645,-0.4597143673229383
-0.8139070378757547,-0.024140921797864978,-1.0,-0.7540635950795721,-0.18966598743803276,0.3355820434028495,-0.07110904597298717
-0.6025921420985294,-0.5792541083200822,-0.6780641007563377,-1.0,0.07841008444990769,0.6247972681142737,-0.04089198257461635
-0.33197966328311423,-0.7053790970125416,-0.7384121483379619,-0.4616474670189196,-0.9359539331253914,-1.0,2.30498965625113
0.021069117544133542,-1.0,-0.7217413076823567,-0.3509967507642524,-0.7581065932657673,-0.601063612080626,0.8731515520580242
-1.0,-0.8729836408189766,-0.21145874929445863,-0.8072468055578634,-0.5450247249492266,0.5153700797287855,-2.6173025197002344
-1.0,-1.0,-1.0,-1.0,0.23704587268175814,0.6990199623771367,-6.627638815057441
-1.0,-0.23480913517831237,-0.3629275880399917,-1.0,0.15419264233337182,0.8538546033271374,1.2467576459591703
-1.0,-0.19439572198132432,-0.011753016976699726,-0.5306421594919758,0.16106055380112527,-0.6592563354233305,1.2860619032694935
1.0,1.0,0.612294304826634,1.0,0.757403808140767,1.0,-4.361290639359929
1.0,1.0,-0.5898152771500057,1.0,1.0,-0.16834880360757842,-1.5757869128533275
1.0,-0.6765230964494292,-0.37262975152936173,1.0,-0.6170049437236549,-1.0,6.152627602326953
0.18742795548089355,-1.0,-1.0,-0.16193516695456878,0.0077700827571074715,0.4389889101240436,-1.2353969832734453
-0.5649434061507249,-0.2948979383171364,-0.26528251350568555,-1.0,0.9211308704721128,1.0,5.075683039762069
0.27120959818126167,1.0,0.20995236905239634,-0.0012670106533834158,1.0,1.0,4.198757106819243
-0.3614658904040607,0.0615182856197915,0.07409350088504718,-0.16992583009697704,0.7079213503819836,0.6684854904830505,1.9411982890722683
0.8036692297949601,1.0,-0.6294662504235065,1.0,-1.0,0.31026232604873305,6.912653913201307
0.4714777946555474,-0.28950808661676275,1.0,0.8309824078878906,0.6272836849480901,1.0,-2.6093267218827005
-1.0,-0.5854809535541605,0.1373284913058193,1.0,0.4985982202965875,-0.5495207524366575,1.1412130052273353
-0.6817038993831356,0.7800558024764046,-1.0,1.0,0.6103141962475935,-0.40686057386071883,0.4564856271271462
-0.9548241068469938,-0.5007097690518016,0.79263983641973,-0.11820832994759556,-0.030951061638950783,-0.4793576327587359,1.2237605953039608
-1.0,-0.8145442963746973,-0.7065427178313746,0.8388780503436428,-0.15814132824000193,0.14170057210287595,-2.776550432124015
-1.0,-0.06174907156027665,-0.5732419950648953,0.4700149770001969,-0.12516015243387157,0.6985113523606091,0.1873080859545352
0.15626955939173987,0.7531854937332947,1.0,0.3035402227660765,0.8172675736311439,-0.4737417463061536,-0.7311191930199625
-1.0,-1.0,0.1759569854519345,1.0,0.21001955516193338,-0.9066534584235613,0.8042010585790662
1.0,1.0,1.0,0.4359947237448669,-0.04328425565134053,0.01672981511554117,-1.166950111564528
0.8049941734943855,-0.2773054100250705,-0.2639600850645618,1.0,0.7632821773973766,-1.0,0.1757726639723442
1.0,0.3515261207895981,-0.7518221505896904,-1.0,-0.18808434642756833,1.0,5.6191856269548115
0.4553042325370153,-0.5533684826004328,-1.0,0.154317162456637,-0.47973207299725046,0.10192813591788785,0.3717611012579702
0.4840273275260796,-0.06125903098409119,1.0,0.5667396439644246,-0.22092899778300867,1.0,-2.1908919089605607
0.15157703851005533,-0.8223877772423374,-1.0,0.073024092577892,-0.54644464244608,0.3014865987541474,-1.5607220146941059
1.0,1.0,1.0,0.34785480354095455,0.7956543599311924,-0.9804733514314738,-3.0436711761730777
0.9736313590090111,-0.02015907773843756,1.0,0.7711764660541807,-0.36938502637368265,-0.8281945846778722,4.507333099486317
0.46821222380661065,-0.11701174911323586,0.3034151747647363,0.8657948487231957,-0.44153412793800206,-1.0,3.50572192274643
0.855321463721218,0.5467478711099127,0.23298967594878034,0.4357547181939393,1.0,1.0,1.2028768043796874
1.0,1.0,0.024388077074932957,1.0,-0.08878045857911196,0.7696490584695623,1.7743899827943477
-0.2352701579219244,-0.31716190846941333,0.10910511472160445,-1.0,-0.10583567005680017,-0.8144857802167378,2.4533481988650507
1.0,0.060685702315751655,1.0,0.9433244902315896,-0.5490517523430443,0.3225386501124998,0.5926314047159418
0.4258111425864053,0.6411984659301673,0.3730430269844911,1.0,1.0,0.10689626530558849,-1.3775736873478248
1.0,-0.047579071212794866,0.46257727541477367,0.8587289085816002,0.13418567138979204,-0.22017541986072886,-0.7223281056639533
-0.7899476074475433,-1.0,1.0,-0.036907312523626556,-0.7961216686105603,-0.1947626402805792,0.783708527859195
1.0,0.603487914448025,0.9850367854503577,0.48228556398580946,1.0,0.0635821542267847,-5.1260416074226285
-0.08059499404785919,-0.5849817344890695,-0.9558350391550292,-0.7327689793381913,-0.613705129379712,0.16466043407077802,-0.6420958185255699
-0.030952080023230466,0.8011171358340334,1.0,-0.34002697568037543,-0.8196504035328851,-1.0,-2.6189270806522242
1.0,0.6063685621997024,-0.43225890933058575,-0.08880247775776728,-1.0,-1.0,5.201007476207126
1.0,0.3590354269838507,0.18448150455426027,1.0,1.0,-0.6975030869021281,-0.8751370030199697
-0.09400798405792682,0.12837159882534832,-1.0,-1.0,-0.13808644965247807,0.3782123885412415,0.5071427377347604
0.40427806012646134,-0.7334637217583031,0.7893628644808532,-0.13547827642727744,-0.5025728312744385,0.2680635914730487,0.8810362526086533
0.8195653502373117,0.8282799463460331,0.41201526485923656,0.17264496101286475,-1.0,-0.8198064379177624,4.458358110822935
1.0,0.3440599432388447,1.0,0.7855051783988235,0.5083264535871794,0.26320518665000675,-3.3602837090491127
-1.0,-1.0,-0.4978671288136213,0.12668279224504825,1.0,-0.7826169522232249,2.757666811790157
-0.330477060522554,1.0,0.11952464932550569,0.7592801743754808,-1.0,-1.0,1.6011703811568991
0.33740445275103825,-1.0,0.5884820549780657,1.0,0.29348953152648094,0.3694779033699088,0.749595498231005
1.0,0.5015842578402023,0.032182245843849655,1.0,0.7122814043503074,0.519680662059057,-1.781699216395141
-1.0,-1.0,-0.11739086321139558,-1.0,-0.4612162988434937,0.11912713743163861,-2.1374077383077905
0.7169810170436044,-0.4955586203210995,-0.3141003908201667,0.03245285322680164,-1.0,-0.6609933587091559,2.825284657497128
-0.011966168120242149,1.0,1.0,-1.0,0.09531443313383559,0.669238148454077,-2.0584262632306727
-1.0,-0.829090765691886,-1.0,-1.0,-0.18984344397780822,0.5629319422538143,-4.808175099174707
0.32989048538758153,-0.4145397543287186,-0.11562162124971703,-0.3511062944601909,0.023238179788865276,-1.0,4.169348870462137
0.4805520437075773,0.7640409576945218,-0.0061463123550922205,-0.02565682726262916,-1.0,-1.0,3.466880686965167
-0.16488413047913075,0.20805180444217922,-0.9926502050303084,-0.5205775416489675,-0.5071971641645134,-1.0,2.2984250410622735
1.0,-0.10436579964863196,0.6096784167003219,0.2690404850624378,-0.5769452190737901,0.13912705544739307,1.9356922256136166
0.5027226225910312,0.14555804955118595,-0.49842584031075,0.07196275571167718,-0.5194388030437316,-0.3256121482454625,1.0554289920155884
-0.6396428411472157,-0.014454929776366227,-0.6806262238609453,-0.9732204151997326,1.0,0.9184513926292884,7.096816717078973
0.4748210268984216,-0.5876491679395502,0.4465161955551635,0.4521647581594799,-1.0,-1.0,4.880481520130855
1.0,-0.4212235216560962,0.7082787323857201,0.17370305414720988,-1.0,-0.47177836372415416,5.971422712760716
0.6740760541947988,0.977955937593159,0.563028266033213,1.0,0.7615637138099033,-0.12017186167467242,-3.1237861708711856
-1.0,-0.7235780184280929,-1.0,-1.0,-0.0759757889733691,0.003742712760130565,-4.531413598749606
0.9858199995617833,-1.0,0.8882470704432044,-0.5317737453212066,0.7010924941294756,0.8241107060230803,-3.0565558274458864
0.2852804310964161,-0.6308657982174586,-0.29882251921781056,0.9604466247379944,0.34823291717358096,0.2566142746158554,-0.8351307565525184
1.0,0.6940788674609792,1.0,1.0,-0.3512256319025076,1.0,-2.2853002537562412
0.5814705621476636,0.9173183214505087,1.0,0.03597825030915708,1.0,-0.0064272674837333454,-3.68149368870069
-0.443115721793335,-0.6476843253552886,-0.36056714114930455,-1.0,-0.5544999477849762,0.795403147260157,1.0317046953416558
-0.5349790559035141,0.2944435052724429,-0.12455755449906347,0.4910330741698171,0.8493724733051318,-1.0,2.548777720974801
-0.327471509577155,-0.8689566968147742,-1.0,-0.5954019515096716,-0.5656395255780988,-0.963513541137963,2.7877388031027666
0.8675559583230601,1.0,-0.2871763844569147,0.7202690510244871,0.6754298277440851,0.28879593804451487,-0.9465289444847061
0.2628958238510611,1.0,0.33311421909424965,0.5004807761090406,-1.0,0.28091151990685215,-0.2334293295344506
0.9040704737113645,1.0,0.38036114572300533,0.5751155980451661,-0.6641893131133089,0.1811572207628766,1.7763972408222855
-0.29925525298350364,-0.9962366170228394,-0.7263318124856626,-1.0,-1.0,-0.7633033238970637,4.394152669770168
0.17167257411875392,0.8979717674101496,0.02918493120863591,-0.14667154895582935,1.0,0.5072881480003297,1.993572399822491
-0.9139229771856374,-1.0,-1.0,-0.4496990029603747,0.1720536416556831,0.6144218367563861,-3.801844134607586
-1.0,-0.4542677149269579,1.0,0.3166476769828665,-1.0,-0.9651039320192609,-2.42543382221281
-1.0,-1.0,-0.23307712326878566,-1.0,0.9714298255328708,0.1960018814718837,0.15227983683229485
1.0,0.8522806736417209,-0.6569166735437044,0.967657367282554,0.3063127571988757,0.6194706507008467,0.6545458159542585
-1.0,-1.0,1.0,-0.28307029702189856,-0.6961102117615585,0.5837882201012027,-2.2530648974606207
0.4138688485943712,0.6297374735785758,-0.4224888182827896,-0.15797788558741155,-0.18042557995197817,0.12524776166518603,1.4106495266803565
0.1623837650804199,0.34794490309528747,-0.31397925018397416,1.0,0.23662208854980288,0.15865282341362608,0.9070998943007096
-0.5828709829447757,0.7798787536968033,-1.0,-0.6144649469106493,-1.0,-1.0,0.7904010599423703
0.25290013801330313,0.6181456686068196,1.0,0.09741606493732835,-1.0,-0.579649974186871,0.03985812351420975
-0.4148333183908556,0.4132337965574886,0.4673187225358548,-0.38948163690872073,0.8715949052268056,-0.685053356224619,1.16638229364946
1.0,0.7690056517894182,0.11413810605734498,0.9989492255521455,0.7326200237624252,1.0,-0.16113765310894368
-1.0,-0.9279587037696193,-0.12332739642558538,-0.9600012715743,-0.012817029641388172,-0.45545857910685095,1.2006094240518264
0.970961364674323,0.1440142879473213,1.0,1.0,-0.2792203742752326,-0.08423542963843866,0.6380123656741458
0.48189542359201804,-0.49420845298153826,-0.20822693022185323,0.43572041762855124,0.16467228929771144,-0.03471446002583117,0.17771214416218645
0.2734829279254818,-0.9672556937638586,0.35642112116747976,-0.6660209566746428,0.5551994739523773,-0.45849372240579706,3.32134064662866
0.12183015984679813,0.4815908256691779,1.0,1.0,0.10975542560368612,0.8589445676825478,-3.818593738598462
-0.02563326690900891,-0.8129796688071556,-1.0,-0.7239535273568196,0.14621811546195873,0.7307474764300932,-0.28604451892935256
-1.0,-0.23904816013389946,1.0,-0.9755202911034271,-0.1539178558408134,0.40362860756518404,-3.4838250731012836
-0.5373035553212648,-0.5967783858382198,-1.0,0.04679672395190726,-0.8207174881667594,-0.8409993543568294,-0.7796155272689897
1.0,0.28084702915966286,0.44767251587424284,0.3849639925443653,0.44520174128577805,0.7019663160116196,-0.3643317336529739
1.0,0.15001865961264457,0.0496008814480583,-1.0,0.3036250626135864,-0.003259225527786236,-0.8038745521950614
-0.35749805176479343,0.4547998419638627,0.3846440720620955,0.9868728271225482,0.7204388012441765,0.5205950031507003,1.2443283774128715
0.36287744143925027,-0.5783960868374729,-0.3966861640476774,0.5633503819657038,0.45506809697574857,0.5326362894449057,0.6528494462211122
0.8448111600614765,-0.14683865726675593,-0.9938174176087553,0.7936876323566127,-1.0,1.0,7.85048014963994
0.4354186020535009,0.25522680245051965,-0.45335759617483773,0.37270575458317223,-0.4798050509543611,-0.5512890065397358,0.9431566035271333
-0.7708771984720693,0.2519344243749076,-0.6815720008983388,0.3552505072061346,0.5559942478879782,0.5759591603181267,2.417776502897917
-1.0,-0.4548697101778576,-0.04602363070342741,-1.0,-0.5986237208885671,0.4047744745669716,-1.4280539152080685
-0.5733984955054775,0.3640017126512943,0.42607757422860437,-0.9173344493433825,1.0,-0.3319228351435316,2.6303990787277547
0.08468036195996903,1.0,-0.40051548104147494,-0.5558398379580896,0.7592384900051651,-0.8846242120931909,1.020245773401999
-0.2506499062189061,0.386816026064461,-0.5678478040548787,0.07380280167638978,-0.8605891898981224,-0.520239179521557,-0.4152437079554706
-0.7381565554365046,-0.106721417960366,0.5813434970522178,1.0,0.32629304014685545,-0.05943910589196383,-0.9024424667057067
-1.0,-1.0,-1.0,-0.7182834185998559,0.9043224248835532,-0.9187749332102717,1.5312917517542164
1.0,0.8990755368817174,1.0,0.5725965546939342,1.0,1.0,-6.465121345833669
1.0,1.0,0.8126921849872154,1.0,-0.35594908862732566,0.20916608789592483,-0.13678961465620573
-0.6192490512807642,-1.0,0.2721429281870739,-0.38893433595128224,-0.029177023590022833,-0.005912529705726699,-0.037826129294760036
0.6428990446289484,0.8647451459003153,-1.0,0.44315654563409046,-1.0,-0.6725810972086885,3.844089352350818
0.46388588152613985,0.8338847227160695,1.0,0.0800775547219632,-0.686387234439618,0.274544561522742,-0.8410972084683029
-0.16210856412388575,-0.5449206901079109,-1.0,-0.46719931653480273,-0.7862699134291802,0.6393756712151215,1.3929617788312063
0.27455052964436155,-0.44904871006977026,0.18722401316347176,-0.4197221707132662,0.8699053435235942,-0.2629701735506721,-0.17779825042824318
0.9374008122285657,-0.3245671067951645,1.0,0.8624486635548683,0.6744650460618702,0.13227809653799655,-3.6197925633947765
0.7179590177876245,0.7326518784858527,1.0,-0.8641917359769342,1.0,-0.49750917156013963,-2.611233065429987
-0.6904064585559269,-0.33490196011155526,-0.5909404585833764,0.3480655832743675,-0.8769030409909881,0.29706700544280773,-1.4690606396663362
-0.6917489935397672,-0.41449612812142034,-0.4034177304664638,-0.16592886590904632,0.7735091879069653,1.0,4.306847374033455
-0.15325144464200646,-0.033256681888324646,0.9151708383988586,0.5859554873579665,1.0,0.7872005872665351,-0.6926673338813135
0.7413571889464844,-0.4706328805323705,0.2340239310043064,-0.9466070168336886,0.05046479689689776,1.0,1.4615320206834022
0.8094748954493987,0.13708726446006064,-0.06711034363709623,-0.7578555280366328,0.4435002172784921,1.0,2.4904068016273433
0.7065760730898667,0.7787161310258873,-0.7200680930267501,1.0,-1.0,-0.2924512846905833,4.477851113919085
1.0,0.7409641236662163,1.0,0.8163039235271632,-0.30262944599590424,-1.0,4.7513165307421215
-0.9041117922608042,-0.5916100450751951,-0.8854542745228517,-1.0,1.0,0.8933310544340038,3.3351589602823735
-0.589585072259045,-1.0,-1.0,-0.7820710089857159,-0.8542675045701229,0.17620345663427717,-3.7679245002114685
-0.9273807721093286,0.891676823410161,0.9477735981721119,0.8144180602401438,-0.22744057516413496,-0.9020125365560244,-0.03629726152716309
0.3197375107250251,1.0,1.0,1.0,-0.7295502143238884,1.0,-3.1972452707249737
-1.0,-0.03214773627493206,-0.773026030258646,-0.34246180401240867,-0.6485320076869812,0.5009208570846575,-1.031086849801756
0.6790297735479704,1.0,-0.2163403357865155,0.7714638420349881,1.0,-1.0,0.6774369953462086
1.0,1.0,0.8597993221228823,-0.38499248113506307,0.06059692265200667,0.6535615079375652,-2.3167336772130485
-0.5708233068742901,-0.5894705847817561,-1.0,0.6288762429909978,0.020369376585845478,0.5142083294684681,-0.25713906791135643
-1.0,-1.0,-0.7047080756098116,0.19953786815826424,0.6699980093933622,0.6816218797499671,0.10210949867095001
-0.43772648701729294,0.352522194230614,0.12641336022529703,0.1956206524856747,-0.934996774042565,0.2567760466397278,-0.9395228646121003
0.8234650848935106,0.8014008738454748,1.0,0.5192186659768365,-1.0,0.8676852992193829,1.4754329417433385
1.0,1.0,0.7613976773578606,-0.2535397442339598,0.44264756192852384,-0.18918765412860494,-2.2049197984501183
0.5234729355906473,0.38344238478885884,0.45915084680829943,-0.2741171985143078,0.02018617941568729,1.0,2.033462047437922
1.0,0.5963209915382688,0.4142444472671808,0.45434250896327544,0.9857739334540742,0.6892103651227532,-3.2238111960669475
-0.6947266273320517,-1.0,0.3854926956042345,1.0,0.1561441950893956,0.7778182451602214,0.5191332606848855
0.008839221991630897,1.0,0.4730072589069664,-0.2906923994430634,0.9373273284941761,0.9664519971586829,3.698687196274891
0.8809883443351485,0.6575754665231498,1.0,1.0,0.4406045013317188,0.8903846460800766,-5.284317596993036
0.2228339145048146,0.10388682954262007,0.7928091065129439,0.2992251443599274,-0.6258539377043967,-1.0,2.8764660993691398
-0.7273055745377386,-1.0,-1.0,-1.0,0.10308237622931468,0.7377379885709257,-5.050695150385139
0.3647925481173697,-0.7436882520112001,-0.018659944068205148,-0.8903157425999206,1.0,0.7077286721939164,-0.35988618338214423
0.048463019062052304,0.6891005815011448,0.12561969578242346,-0.3592773998375645,0.5557272322343407,1.0,4.644808939196192
0.492706496569004,-1.0,-0.44301109969559155,-0.3678587596507352,0.006757955603488575,0.3688122266108722,-1.9721724643656313
0.1845407181198111,1.0,0.4908833060391127,0.3303445200163462,0.031983676792385396,0.05851923567885092,-0.6292104982310787
0.55590480691678,0.1272340751236618,0.47342570322124433,0.3607459943586431,0.03142047804911419,0.5721617729915662,-0.3582729197488863
0.4028752408727716,1.0,1.0,0.36461347667203525,-0.34600651676042654,0.3887327661340554,-2.297140190151189
-0.19228918271180434,-0.5692610136524678,0.17629993573185587,-0.4346272153469244,-0.7300429915004873,0.8560467779544947,0.37678940915777404
-0.7213532837397985,-1.0,-1.0,-1.0,-1.0,-1.0,4.3523405552530745
-0.4865125538789594,-1.0,0.07762486710222927,0.010753174560922188,-1.0,-1.0,2.244599451273167
1.0,0.242632698630606,1.0,0.6945733452790004,-1.0,-0.7833351751668219,7.066004987124003
-1.0,-0.6734252160253488,-0.9249758723617911,-0.6446840988266735,-0.4078798034233878,-0.10123707405028748,-2.831359529225849
-1.0,-0.4533345658762067,-1.0,0.1721104588581316,0.6233379479847514,0.009365913593111841,-1.787068781719271
-0.12124032769505055,-1.0,-1.0,-1.0,-0.015122430579587287,-1.0,2.6748955984872866
-0.5979616383677747,0.6434058174560384,-0.18815671785817756,-0.06922751748005829,-0.24661117057372783,-0.8466385616180016,0.5333967981690133
-0.9020607833722708,-0.3600741285689594,-0.4356036278287104,-0.0712682490864083,-1.0,-1.0,-0.49878538177346193
1.0,1.0,0.493337116624748,1.0,0.9749925858387007,0.5407757017924341,-5.6306053547336266
-0.267826601135438,-0.9116009702439527,-1.0,-1.0,-0.2617677587095286,-0.12078021088994917,-3.2781427898012456
-1.0,0.5413066924976653,1.0,-0.10216307654320378,-0.8170987184619638,0.19388095327474725,-3.648595676676439
0.10603083922697987,-0.9987725424715848,0.6485845973501616,0.013404881281296799,1.0,0.793722616134293,0.9164403799622582
0.3517288677580973,0.7810520038833157,-0.2035933005807602,0.1277353501670706,-0.8700639487888636,-0.7195088661322011,1.7072971403322388
-0.09637625268886896,-0.11494636484469778,-0.752787137765166,-0.34390351508166406,0.871907306535884,0.09836377679996154,-0.4631352360207949
0.7665946292921373,-0.1500019937158269,1.0,-1.0,1.0,0.26444354024420696,-3.5697728788232452
-0.4035508560035186,-0.6120000995521443,1.0,0.1774387958165684,1.0,1.0,-0.12445186162051834
-0.734561678057212,-1.0,-0.7557728347620172,1.0,0.7959122601962725,-0.7792227925513596,-1.8446599801611834
1.0,0.609237005108292,0.641558855263326,1.0,-1.0,-0.5931062079136122,6.149287299673182
1.0,0.39542285628201057,0.43987438930788,0.611299338845723,-0.4189421714203738,-0.3047838089361974,2.112235344535047
-1.0,-0.48492002441338267,-1.0,-1.0,-0.5104147449636568,-0.12041801163118426,-3.1082338294492096
-0.40569501490837967,0.765154689575539,-0.34916006653317944,1.0,-0.5612702876435378,-1.0,3.427091759729342
-1.0,-0.4834973059232808,-0.6270988031686313,-0.6203218507262871,0.2005171110482705,0.949320368593227,2.172410931674427
-0.9681771428582491,-0.4422633490050336,-0.2366905059831298,0.37401394589929093,-1.0,-0.6020313780574489,-0.4305510984416936
-0.8220020543500868,-0.4622517958878875,-0.5415129944798571,0.9593526315241934,-0.281476400364125,-0.6417381104525404,-0.692719605677021
-0.22699733406175987,-0.127868724479819,-0.6744671262375224,-0.6613549572638825,0.5339881490317306,1.0,4.711844795103204
-0.5127052321757146,-1.0,-1.0,-1.0,-1.0,-1.0,5.748968236970795
-0.3343061602848375,-0.4640554190583783,-0.39165452734041634,-0.8391304683503233,-0.4308381987771466,-0.43236470566413443,-0.6029927159997299
-0.004224774956376298,1.0,1.0,0.4307850897147685,-0.21519423039638663,0.5656710489519949,-3.614561669810204
0.44572561258442733,0.09046229665431899,0.6382895054750283,-0.23842871869533974,-0.11576566082853773,-1.0,3.6813516587737625
0.6652886827296489,1.0,0.2984956867131415,-0.15933148948055417,1.0,1.0,2.822249082144475
-0.7896820376021412,0.1897967019579641,-0.8833896659235035,-0.3229661486340484,-0.6153250245111368,-0.8262756884210668,0.37074015774436925
-1.0,-0.29612870706643135,-0.7094319157997058,-0.18674926636006495,0.47577921478011853,1.0,5.043222144307425
0.8538134694344492,1.0,0.991974017462723,0.6169078635070955,-0.5874599795801535,-0.0424115314879937,-0.40586709578987923
0.44696287655500766,0.04527021618873287,0.46614541503647394,-0.5893973864500285,1.0,1.0,0.7920208905771191
0.9597080638291661,-0.3157824090988109,0.6428418395045383,-1.0,-0.5778456881498915,-1.0,7.584757163924727
-0.7144805098388498,0.23098256741177658,-0.5485560232567576,-0.19575152147962321,-0.3782453351281598,0.8537226049459918,2.55967137668926
1.0,0.9621522827347904,1.0,0.27930938743850686,-1.0,-1.0,4.611868639050856
-0.585334536375564,0.5024781590737313,-0.18429911846068853,-0.014968113975362032,-0.5384004366346523,0.002610256464567695,-0.5906857402848364
1.0,1.0,-0.5669667578587355,0.3172843095754559,-1.0,-0.5556444303894346,5.223939881607758
-1.0,-0.3964366103431223,-0.30739281376119987,-0.8021341944971425,-0.7041950206330508,-1.0,1.636562429808718
1.0,0.027631719114628472,1.0,1.0,0.14925630979066606,0.48652022604976786,-2.62897413345699
0.17773958038392634,0.41644689388189393,1.0,0.6911672149038836,1.0,-0.23056419384340532,-0.053815540649643445
1.0,0.7600461979032176,1.0,1.0,-1.0,-0.06848213585493579,4.541360751611388
-0.09670667462833915,-1.0,-0.24560745601778478,-1.0,-0.4055485242746115,0.2711145202204271,-0.16538989384946845
0.023137314554215638,1.0,1.0,0.44882482505877797,-0.4330951058053891,-0.9550365596820762,-0.28442990648669686
-0.707652663739335,-0.2959518922757134,-0.3809899642064898,-1.0,-0.18273543791136815,-0.19596793871916418,0.14868484114824188
0.049985483284993304,0.07795538795832424,0.5362397111550111,-0.0640142003710463,1.0,-0.31016425717387897,-0.036996205550395074
0.8340323035742769,0.8765755706696732,0.7987679252030695,1.0,-0.27808307334536575,-1.0,4.5195931803638265
-1.0,-0.6857289057051047,-0.7144057977648792,-0.21969888938174864,1.0,1.0,5.191697522561285
-0.9502481168600732,-0.6373123574206013,0.8330679055348871,0.22529777680379087,-0.1579850697019442,-0.8130135212018509,2.879734476110763
0.04035186889589343,-0.6502294005001024,0.7159551650892971,-0.12424930866034145,0.39032601329681704,-0.13825271397815286,0.3405773134481244
1.0,0.9711854266639846,0.23003318996780853,1.0,1.0,-0.03001487818139903,-3.4196281931048294
1.0,1.0,1.0,0.22741115783544297,-0.9052034793291386,-1.0,4.352573133601705
-0.45800857286794283,1.0,1.0,1.0,1.0,-0.2914058898689146,-6.0529113341353336
-0.8600638801780005,0.2376347940221324,0.1887168969988936,-0.022111982321562307,1.0,1.0,4.698129997582035
0.20585696927652575,-0.1738970722871866,0.1689714878569255,0.5440759084789311,-0.22062940162202835,-1.0,3.5833740161375247
0.7660544046528868,-0.12805441675083384,0.47613707771539615,0.30968764758248396,-0.026890438383785797,-0.20333716914982203,0.8215196518365266
-0.26907911503086546,0.6079218701793573,-0.8434599368244744,1.0,0.33884597919083426,-0.30018976946261766,-0.6896878974473294
-0.5733867509587366,0.3615416917909411,-0.34330097534585297,-0.24004855179558038,-1.0,-1.0,-2.3233464257300893
-0.73949084644199,-0.08046179820916322,-0.9546084020008592,-1.0,0.9091720011772101,-0.3985294769388148,-0.15942237547044602
-0.8906716938464955,1.0,0.08862974788551381,-0.00232052096796731,1.0,0.5275122372461476,3.844688738757175
0.01111412702898551,-0.307139341071747,-0.02440754809298884,-0.27137490286676635,0.6010246727336547,-1.0,3.5407706347767594
0.12373493167232918,0.13346382529903233,-0.17027658447852612,-0.22599763408604728,-0.0812134484361724,-0.18865960706701101,0.6625247382843807
0.03170030922546929,-0.18565013171585687,-0.44426118814375315,-1.0,-0.34255399699876615,0.8508450424569716,2.8233564154539637
-0.2163781773970993,-0.15535434021692196,-0.993117727131146,-0.872300568800904,0.2105054502379247,-1.0,3.3659418200758173
0.45121588457271944,-0.9482429217061461,0.5684543973657956,0.14553281946346575,-0.4546953340531773,0.7221415377923188,1.681833632145656
0.4609729928824875,1.0,0.7214142662664982,0.6905652906127442,-0.5242199310756569,0.23073506081933326,-0.21467863661572884
-0.17671399426242393,-0.7655363642524449,0.4282071737738109,0.3304607887944733,-0.41671984869662837,0.378546104447842,-0.24073935239012123
-0.487024803863385,0.2735163038550634,0.5607514407411153,-0.6761895510735925,1.0,0.25804625446920637,1.5759805173396628
1.0,1.0,1.0,1.0,0.026373153957691575,-0.020242133275744312,-2.5715896585103883
1.0,0.06402268343969086,0.5054802891947218,1.0,-0.6545049603919857,-1.0,8.11821688547762
1.0,-0.0002855000243451866,1.0,1.0,-1.0,-0.7522198649515422,7.139380496662455
1.0,1.0,1.0,1.0,0.15622351990464645,0.1870302761646475,-2.9980010813992166
0.2133181335225342,1.0,0.5865700219827996,-0.6486981876240148,0.8168093304488988,1.0,3.751544045764433
1.0,0.09915466927092864,0.24365343387467875,0.37989036037600266,0.5998808884448994,1.0,0.0402367600978179
-0.5561032432761512,-1.0,-1.0,-0.9732110486427616,0.37449019498982905,0.36637689465117557,-5.430146242421907
1.0,-0.410122033874879,-0.10039190922853086,-0.6445853798361602,-1.0,-0.5028242413377109,5.888939391200356
0.09692137858669592,-0.7476263695690215,0.12180541269952117,-1.0,-1.0,-1.0,7.767164585309109
0.2584428882131431,0.23955092289171764,0.7212101676114433,1.0,1.0,0.7846441537708218,-0.3476398446036998
0.6729598472092262,0.11044998221942859,0.7497111649532464,0.5703752566671256,1.0,-0.3043642883378491,-1.3832868656738952
0.07847491223969727,-0.19255251096376286,0.06681804199459995,1.0,0.03863683341163715,1.0,3.471745844872184
-1.0,-1.0,-0.7843467909544423,0.1895381075071233,1.0,-0.546200561864026,-0.5713376301375614
0.9602005629430247,0.769793425395549,1.0,1.0,-0.6453690903300566,-1.0,6.709576013716754
1.0,0.27297680652898726,-1.0,0.4375408455776105,-1.0,-0.15978953962193643,4.300163302910672
-1.0,-0.3473054216369189,-1.0,-1.0,-0.19076243613784438,-0.9852212854494173,4.1748990700963855
0.11774148253209993,1.0,1.0,0.9515903268016523,1.0,0.9205899881342091,-5.861671273565733
1.0,1.0,1.0,1.0,1.0,-1.0,-6.211117039418598
0.6850916635249731,-0.9627794689452136,0.5974870745431944,-0.39607982332362424,-0.7551037198395901,-0.7688310012084719,8.298091719165635
-0.7079175900738036,1.0,0.25948835013676513,-0.7681217007398169,0.29931682142729765,-0.43557325921601175,-1.8170296488231585
0.5098256725129728,-1.0,-1.0,-1.0,-0.15720830413228282,0.6424688005077464,-1.912428442783798
-0.27327249529201225,-1.0,-0.9276545575558692,-1.0,-1.0,-0.6068405760961697,2.93466785472516
-0.07348551843225583,0.0905273587385037,-0.17646476330232644,0.7179778084621253,-1.0,-0.3444913946843633,0.3868066287932417
-1.0,-1.0,-1.0,-0.3304101568758946,-0.2103220895545711,0.3301875216036836,-4.724298576961519
0.5417944104819581,1.0,1.0,0.7828319083877713,-0.10344921610729174,-0.24439610755024832,-2.4600007944296527
-0.31602229973188756,-1.0,-1.0,0.5049889498402204,-0.06543489907203281,-0.7789790183561425,-1.195298945283468
-0.3849951986857103,0.2641733686537157,-1.0,0.4233836465884032,1.0,1.0,9.480183850726897
-0.06673506590990769,-0.14234284473638792,-0.8180812474940269,0.2986454227078238,-0.06948114383715451,0.5205421675102808,0.8575519513099202
-1.0,-0.04406621199860289,0.7775709010485106,-1.0,0.3529757455311058,-0.457150907468983,0.18157029124957813
-0.36850635092745343,-1.0,-1.0,-1.0,-1.0,-0.581984551357283,3.081481237915296
-0.764164551630594,0.9632252016471163,-0.0032554121328173258,-0.8673528094066486,-0.5317211825827663,-1.0,-1.6970178526534905
0.09526373669164998,1.0,-1.0,1.0,0.06148380481680804,-0.49307458135555393,1.7670885517509667
0.41279771295611156,0.26350786847869856,1.0,-0.571209019157013,1.0,0.04401482256045369,-1.293696920370737
0.9170082687990018,1.0,0.9021328920805698,1.0,0.9177986764656747,0.20562733976085845,-6.81932441393746
-1.0,0.31058553261772226,0.39962765865505456,0.879712004137351,-1.0,1.0,-3.2270523252644847
-1.0,-1.0,-0.5207744026702847,-1.0,-0.7618891660203455,-1.0,3.751282668844263
0.8823122667716506,-0.013630501257686084,1.0,-0.26359058102503435,-1.0,-0.8129234433642525,5.178782900334702
-0.5477256308478372,-0.8777784946346243,0.04295631524739396,-1.0,0.675716445079491,-0.10478767945068057,1.5371886949667335
0.5330686374307607,-0.3823782447255077,-0.4328593830748852,0.9854121766020684,-1.0,-1.0,4.49518889740368
0.36227108113363593,-1.0,-0.8968509323821018,-0.0839057338021531,-0.44084976920126784,-1.0,1.984789260199856
-0.20438149247858972,-0.5479506113312382,1.0,0.24394682403360052,-1.0,-0.34371305894491316,0.23604739621632842
-0.10560970495549832,-0.08558843021628643,-0.7214566951440593,0.5458168619579151,1.0,0.5713049505895148,2.030514657468075
-0.9295697049762742,0.17694438665834467,-1.0,0.7114877490171039,-0.7576920584106099,-0.9536048746548176,2.2273438803723646
-0.5220226120572089,0.3183523082360885,-0.8382241220691176,0.006501463421971998,-0.3754647411091948,0.8900038733689216,4.876774212959506
-0.6832496623185007,-1.0,-0.2245702991017553,-0.68196168662003,-0.015540303985200565,-1.0,4.180229460727068
-0.9092295030586957,0.8085071488375519,0.6741139617215838,-0.07888044423743024,-0.4932822666094095,-0.7693334602703391,-0.0002239416149475426
1.0,1.0,1.0,0.9300907775527789,1.0,-0.09115612104017448,-6.624989956139754
-0.18031420162685674,0.45278418869883597,-0.45147262581289205,-0.07135181109034194,-0.08365502627661614,0.4981622671977748,1.2442717856202221
-0.7504675397180145,-0.31802485697946903,0.3053179462949488,-1.0,-0.868316880604423,-0.5756838842142231,2.134656050158823
0.22054128811418744,-0.16733238124628902,-0.15009465652987639,-0.0763169169641934,-0.40826226344107736,1.0,3.775312072887485
-1.0,-1.0,-1.0,-0.48001599775456016,-1.0,-0.4444985710020224,-3.1679659788038266
-0.770535283998883,-1.0,-1.0,-0.25010942426478455,-0.2922215866945803,0.9851433742312727,1.868025586563931
-1.0,-0.22867200982628616,-0.9929338286777072,-0.9966914447951896,1.0,-0.47873783189346325,1.0165432533251264
-0.07146827042990087,0.04912615409658583,0.05343111233238174,-0.44532627051715357,0.48034764935954755,1.0,2.4802003407777384
0.3839301779851543,0.8497272252546444,-0.6511681429938967,-1.0,0.7121504437711211,-0.723060981641185,-1.0240968157051091
1.0,0.24071776815491397,0.46120960835314073,1.0,1.0,1.0,-0.21078419612315552
-1.0,-0.9204193427655287,-1.0,-1.0,-0.909077757876102,-0.42211211256166425,-0.5856542531180277
0.2985040750344098,-0.22593685003033145,1.0,1.0,-0.35466737638052354,-0.9132426351904661,1.8220685699699226
-1.0,0.3750102977594188,-0.6983680975466942,-1.0,-1.0,-0.07663614255227968,-0.8493965425119085
1.0,1.0,0.4260784302154461,-0.579432681371856,-1.0,1.0,8.597743828166054
-0.038684485927554205,0.4948478892034409,0.29448566303496676,0.28558043704750014,1.0,0.6856599701696415,1.1090617266196656
-0.23005094965939848,0.9334834015567471,0.38467084788666,0.22212795455103174,-1.0,-0.4768170312663996,-0.975156725795424
0.16629134123245737,-0.7445508289341706,-1.0,-0.7302441584330475,-0.4581236846263432,-1.0,3.4743639597674654
0.22361604925016404,0.21493491082768287,0.2866666691973397,1.0,0.21142272954072494,0.9351042994377095,2.024264847521231
-0.17843239708679848,-0.9965125491290335,-0.3145934238183008,0.7339111677016597,0.32122935138494957,0.8179448726450509,1.9352935033752101
-1.0,-0.3536954007786368,-1.0,-0.5469602220946468,1.0,1.0,7.160840503309208
-0.5970160749665682,-0.9867972382025716,0.2515974795290825,0.175595989625501,0.4599868361625168,-0.30968149081140933,2.190914994605061
-0.6239205534994314,1.0,0.7554198284864353,-0.28887334368134865,0.23186725726836488,-0.029749689517452077,-1.8189662636220536
-1.0,-0.9441920979002728,-0.4627308246368271,-0.1924147846711844,1.0,-1.0,5.869133010620378
-0.1997695612331506,-0.7950585712315611,-0.9998475891941057,-1.0,-1.0,-0.7385052307357303,1.8714781095644528
0.6674055561510779,0.521471103948113,1.0,1.0,0.6384259362095172,0.7341843263559678,-4.310349465318752
-0.4308452407778638,1.0,-0.8622183728740647,-0.9515558627890337,-1.0,-0.7775835628050487,2.0112036627124623
-0.18931543837010306,0.45324870512392196,0.13987940335263926,0.39203169570063284,0.24796804778465592,-0.13994174315654412,0.3177981435114358
-0.07767885943855506,-0.48836507774384497,-0.833340607695631,-0.535062647364317,-0.19833307889269136,-0.8948814143090398,2.2937274556484595
-1.0,0.6461069387065622,-0.792099055996623,-0.797324237270307,-1.0,-1.0,-1.582796338790383
0.36581731580436216,-1.0,0.5388644683579886,0.8013892095662676,1.0,0.3896310427927534,-0.7650011432647993
1.0,0.07190920197252071,0.022381812804463275,0.159222336911802,-1.0,-0.5077064847854957,4.135722018513812
0.097042377864204,0.836531092133538,1.0,0.8637131168346865,0.8544867426253715,-1.0,-3.010144735511904
0.5131972709813767,0.823975094419394,1.0,0.14065216114744633,-1.0,-0.8760743771557686,0.8592793100963896
-0.11393116699120542,0.8543059192706675,0.27157636219948605,1.0,0.14533473555344484,-0.48992125373243733,0.6294657634431966
0.4238695199322401,-0.19079748578470773,1.0,1.0,-1.0,-0.3068390213624519,1.100799601150059
-0.3313252546961535,-1.0,-1.0,-0.09587919007560453,-0.8507227856422135,-0.3430192060140511,-3.280679235613404
0.5887651005786674,-0.8729556906825124,1.0,0.09547047231385669,-0.5955747073521129,-0.5581203412925392,4.7868147515362915
1.0,0.43070700850403987,1.0,0.35387443721182177,0.3006924991665912,-1.0,1.9368868198803662
0.08133141738797711,1.0,0.9978531573301299,0.547891142395972,1.0,-0.04728082227749386,-2.9654291558546326
-1.0,-1.0,0.62701679834721,-1.0,-0.05377663338919969,1.0,-4.0946240573877395
-0.7090860958923976,-1.0,-1.0,-1.0,-0.15874871914868693,0.9291025649142765,-1.404133650855278
1.0,0.5518038960909923,1.0,0.4753750908289991,1.0,0.3968013091584295,-4.6410392394501985
0.508051366602027,0.42393799055888814,1.0,0.27143761360435315,-1.0,0.686220217487133,0.2954884772531408
-1.0,-0.9002275565508236,-0.6338169335249237,-0.5508727755938281,-0.22529955509872873,0.6308811120155621,-3.161366187133682
0.08287395121801011,-1.0,-1.0,-1.0,0.49915073841463664,0.19419328610637712,-4.841854291005178
-0.21904340994189897,-1.0,-0.6283918880715809,-1.0,1.0,-0.1859202730843299,-1.9765773738466448
-1.0,-1.0,0.2769233962807624,-0.743773795397865,-0.028535432055521115,-1.0,6.573009722942595
0.08064775010680689,-0.6346638124729097,1.0,1.0,-0.6071686193240937,-1.0,2.00406064270482
0.25177382369461365,0.1340866660939828,0.565201461511196,-0.9020732937818419,0.5096572676705371,0.3522789623691044,-1.494351922866026
0.44184861021260446,0.5222886526254646,1.0,1.0,1.0,-0.10977260642909507,-4.326066930076579
-0.7081149654590494,-1.0,1.0,0.23066028468308036,-0.41902015980979224,-1.0,4.802434412173216
0.6753218332676386,0.4606983980350996,0.07591279173698229,-0.21507424832776723,0.9414424193741198,1.0,2.308609164348011
-0.07718967787974154,0.6689557326823562,-0.41787364457753085,1.0,-0.552233541165289,-1.0,3.047495546417184
-1.0,-1.0,-0.00043917804225368506,-0.5315231378376295,-1.0,-0.47124874784062665,0.5094447438053437
0.7234968885188413,1.0,1.0,1.0,0.4376031415711622,-1.0,-2.020626741243061
-0.47319378328323025,-1.0,-1.0,-0.5848981498182555,1.0,-0.9762177631403022,1.052372121581039
-1.0,-0.607786655062925,-0.2811419587379107,-1.0,-1.0,-0.8555965728825854,2.770897904643464
0.6081540040215014,0.2972793288838877,-0.9122438963967123,1.0,0.7218062465331219,1.0,2.2259644694623395
0.33090365566850455,0.5068879647860502,0.6127569201150407,1.0,0.25169676811758485,0.6785860708935144,-0.6239548481623777
-0.0033862178554762146,0.15441113669574286,-1.0,0.13814925228957453,0.9676403061263781,0.6801239574408962,3.5674771797367932
-0.14832476135596884,-0.651723338735134,-0.7888809994301127,0.35275048933203285,-0.8231570884575763,-0.813091514841176,1.332257671834699
-1.0,-1.0,-0.15367497617717008,-0.7872632839907763,-0.8519832559263655,-0.04700917562256898,-0.4810869870072601
-0.9494468105023592,-0.8210009124947006,0.7426598169196379,0.6471858136137425,-0.808501249642783,-1.0,0.7218453448234852
-0.1629484257256295,-0.43462356748993103,-1.0,-0.38321884126774014,-0.16582734123614978,0.42438658014805086,0.7114795597458605
-1.0,-0.6447135779649613,-0.5110283506416473,-0.8841223847334692,-0.40646215800469754,0.47244485659489377,-1.5272170435750168
-0.9292425667318092,-0.779154660400329,0.015314327005532924,-0.560172436789365,-0.7104037619103261,-1.0,3.029350801328473
0.7823624016275408,0.5502514275971204,-0.647352305191482,0.450953372714357,-1.0,-1.0,4.513539057618344
-1.0,-0.5729186574228524,-1.0,-1.0,-0.9841768983445938,-1.0,3.149125340902666
-1.0,0.6498096277242734,0.7124891197044424,-0.2177786618263151,0.36111415601506186,0.7368878967818331,-0.20467608864565007
-0.7948652745175822,-0.8071759255111727,-1.0,-1.0,-0.2560227788842865,-0.3773193863802693,-2.9858098068039123
-0.3053852022985357,-1.0,-1.0,-0.40429616722760664,0.5988936701650263,0.553903919601534,-1.9936823173576002
-0.522824593885611,0.1543484222960414,0.5732235114464619,0.6713561643032014,-0.5648395073426574,-1.0,1.7857933958471275
-0.7849752914134016,-0.06011535239514332,-0.558909310677067,-0.20906772190045436,-0.886087043084439,-1.0,0.05493851217772305
-1.0,-0.5197886192554025,-0.2809702952669544,0.42642648458542437,0.461746312616248,1.0,3.281911264773918
-0.33985404038146405,-0.20768706670985995,0.9769576613457125,-0.03879489101691069,-0.15345196664192495,-0.15423811926753095,0.045367791508446775
0.6203699589903999,0.316195294931507,0.9019977269476027,0.5231878664526899,-0.29837217310496944,-1.0,4.0193046091181115
-1.0,0.7838442879930327,0.28064802999942845,-0.9304619551464464,1.0,-0.0011790920149973294,4.241665522067845
-0.6371657227798232,-1.0,-0.843920076998496,-1.0,0.34762570545347915,0.840391886558784,-3.215565788356276
-0.5132891282891437,-0.07729797193365429,1.0,0.38508855914758666,-0.9237394471854716,-0.9232459909471211,-0.99490746480065
-0.5838778248878012,-0.2503041164707316,0.8672669280005374,0.8168534235384491,-1.0,-0.13116393896322598,-2.487942203734412
-1.0,-0.08991389147504303,-1.0,-1.0,-0.57270967851618,-0.24090952117125852,-1.2828305742755952
-0.14753343655865403,-0.40702765033459976,-0.86031133301785,0.20962226200631456,-1.0,-0.4681108230875324,-1.3459370402682374
0.3656601195621908,-0.3104325569744412,0.9320443680682855,0.15399348958637804,-0.32319155446372616,1.0,-1.726569858066036
-0.4861705026669525,0.009707885761590374,-0.9072859406539154,-0.17006177827661262,-0.4369236113708189,0.7157583055987786,2.5811258692855303
-0.03727755198557341,-0.7036131261358953,0.5187782519737101,0.04984847450619695,-0.5180172619900846,-1.0,4.193188745531467
1.0,1.0,-0.024094226557810683,0.4704179238074133,-0.3018956729356803,-0.8680532282649237,4.214874588174289
-1.0,-0.24793543903077397,-0.9994561536755715,-0.27731071778609817,-0.7982091578277215,-0.22902787632635868,-3.904021998530052
-0.6734173949061828,0.8055469062643432,-0.8268333052067831,-1.0,0.47231962867782573,-0.882755533282499,1.8264528177913453
-0.11084026855842488,-1.0,-1.0,-0.42742589230799743,-1.0,-1.0,1.5328378598927066
0.8005955100842163,-0.448175511652997,-0.5356312096254905,0.8546400044295586,0.9983011628601112,-1.0,-1.9335885362102199
0.3948502592330324,0.3375559980991847,0.8777254144845452,1.0,-1.0,1.0,1.4811599422891206
-0.23744767404415573,0.6144386296190313,-0.30137588067384713,0.4010518828406018,0.2161318795873508,0.5340680715536134,1.8059097497089396
-0.008876537063821854,-0.2954619429194143,-1.0,-0.5783440968314555,0.3500077545126794,0.7217747054291309,2.6763119033194203
0.8410992680217602,0.27863515961038343,1.0,-0.44646824221696557,-1.0,0.6424414586012556,2.3443753757486663
0.1723544028391315,1.0,1.0,0.5036928687508788,-0.664850843247015,-0.38916575647181634,-1.0203036832122319
0.013878342745667849,0.307743670680212,0.029752199073214136,0.2763677371335175,-1.0,-0.33973252891363703,-0.13568277285864977
-0.3683501394376162,-0.48269989895152243,-0.28857122535530944,-1.0,-1.0,-0.6188835713534635,3.0145201257773366
0.358726380770944,-0.06787620102771597,1.0,0.6750089977008382,0.2492385276320721,-0.5149197305843164,0.589860455076157
-1.0,0.0452530373961636,-1.0,-0.030518947667997454,-0.09390235114731182,-0.7386476154983217,2.3938391413626703
0.3024793081370706,-0.1186105555440094,0.9900582844978926,-0.5560429512295872,0.5358278056902112,0.729384405410334,-2.8843338411618684
-0.6738671893069617,0.27862753725408507,0.9685612232781724,-0.3826702468317107,-0.0354494563822505,-0.8984225656971541,1.4067939466635355
0.03605724167498968,-0.06615679353132187,0.20745831775227724,0.12496793018271057,-0.9762289854399426,-0.6525295604864303,0.5948188495782998
0.6499610353114736,-0.12392170069910047,-0.3889533025434744,0.4779443355916135,0.8290805438829456,1.0,2.483249086698684
0.6595596323819855,0.08596568186232001,0.9919606292585046,0.5373452086469142,-0.07774546139606185,-0.5031444720060276,0.8769537735131951
-0.41534300788643097,-0.4068885042171122,-0.6200835233282938,-0.8660714726145724,0.6214602695368605,-1.0,4.306204240312405
0.9277739060608354,0.45006343665001425,-0.26596828702750797,0.5715442682001513,-0.5963910951860871,-0.6769933873253942,3.654763523274903
-1.0,-1.0,-0.1022806483727412,0.22680656747269912,0.9094440854628244,1.0,4.314136740843374
-0.10477022131095093,-0.5884449840259105,-0.5114612717314682,-1.0,-0.4069455073645699,-0.31327012208798793,1.0757876351838884
1.0,0.6455196593974201,-1.0,0.7124138698156974,-0.2113445399339035,0.6755521118065485,2.667181692615847
-0.2756731690253206,1.0,-0.08037615391559932,-0.3294099427760324,-0.9968446725699809,-1.0,-1.3826196855211568
0.18909108312864759,-1.0,1.0,-0.17298675342220182,-0.2610267142911107,0.10595356481923804,2.756269556375786
0.011062275200772964,-1.0,-0.5667677922644183,-1.0,-0.5591662711465397,-1.0,4.636903034272817
-0.39983232423552284,-0.09866332748272633,-0.135648414419488,1.0,-0.996156575573889,0.681597135347759,2.158649145211804
-0.3840599825910256,0.5836457597070889,0.4076430843934625,-0.5256908320059785,-0.6412367671498345,-0.795456621403678,-0.7523298554583349
-1.0,-1.0,-0.5378427038339664,0.4683694779410246,0.8215624930683447,0.5816592393735622,0.4478603312372326
0.0435539861938774,0.6214850857331714,-0.3107190776979536,0.6784764934587267,0.9852102395532389,0.43453188317986735,1.7208601416420595
-0.7879091783260899,1.0,1.0,0.1269987299654367,-0.3290742677887632,0.22614831819898978,-2.615858345159916
-0.6710641487098574,-0.986321675137747,-0.5237757995452519,-0.35752644244174925,0.03268759670486382,0.03365922263083081,-1.7001152961587584
-0.35792321446922,0.9332732933037075,0.6807284396085528,1.0,0.17502416734208992,-1.0,0.395770409314757
1.0,1.0,0.1833137963914857,0.48393398808389865,0.7467012368666126,0.5593598972232297,-2.347040831762924
0.9811504165826901,0.7546104974543196,1.0,-0.049322557493380215,-1.0,-0.22594211995045976,2.7306328332414314
-0.22040836000232722,0.5297571406874435,0.9105397149828247,0.2813462722590214,-0.9488293003115875,1.0,-1.3911518318744769
0.04173267798026109,0.6501277920278911,-0.19158986699286432,-0.9549883430076801,0.28815498950194923,-0.6740468552002953,-0.747753393064558
-1.0,-0.22535168543620232,-0.19193664470007965,-0.6615014680723336,-1.0,-0.9139163578579107,0.1919189366181661
0.4188026807663613,-0.48326351559803526,-0.8125647890483946,-0.20054173722679303,0.009309326608586077,-0.12735813233991153,-1.0873147039383044
-1.0,-0.40522530962024084,-0.9006844085826332,-0.49012349815483086,-1.0,1.0,2.8328864019966224
-0.30633051873156425,0.488988910890114,0.5229879334404275,-0.7669012452529163,-1.0,-1.0,-0.21609551299055063
-0.11596295050196359,-0.4175365966802836,-1.0,-0.7064477994969004,0.09167371118066736,0.7613511811484692,2.1917683698995485
-1.0,-0.525259882685539,-1.0,-1.0,0.32310955076889236,-0.4733870401028537,-1.8440170345080367
0.3494896073229487,-0.12134066605308219,-0.5875134021158397,-0.522816034558682,0.7565487208612058,0.962039170435359,2.6378590263011574
-0.3030380215410602,-0.5844508856925918,-1.0,-0.824843683134656,1.0,0.23525944737675508,-0.6922972118635078
-1.0,-0.6598261541795059,-0.07061129020493628,-1.0,-1.0,-1.0,3.434369559599463
1.0,0.030358638534078136,1.0,0.9024696713585135,0.10212751573802947,-0.7025854266529712,1.3272892370954494
-0.7446667804773641,0.36177461434859226,-1.0,-1.0,-0.7779353783712242,-0.887797309736384,-0.07257247120631116
0.2502410790532245,1.0,0.9134384293501742,1.0,-1.0,-1.0,3.0062879171061248
-0.4951261815348533,-1.0,-1.0,-0.9746874087385913,0.5126363820687493,0.6759711532106036,-3.8164374471011673
0.18324403503196862,0.6347050989150995,1.0,0.15406792186032536,0.4328873269599868,-1.0,0.9520914856967202
1.0,1.0,1.0,1.0,-0.27102240002018974,-0.7362285099334733,2.2621752845553282
0.13142104094707185,0.06555150486066763,0.028010149369983472,1.0,-0.8251153825758337,-0.8196136773591114,2.171880248397371
0.7871720627857475,0.9246693234370891,1.0,0.3460642453404691,-0.6221039425252408,0.2649371837025082,-0.45244463569586024
-0.5307863538804273,-1.0,-0.13724670911939307,-0.4290885661551177,-0.7714880696551064,-0.4097428326445652,-0.33577588473435105
0.9540336596699135,0.3890863811765539,0.9337674905621574,1.0,0.7607404813331065,-1.0,-1.4279110318568347
-0.5106502258834855,-0.5014227969950413,-0.3030062430968419,-1.0,1.0,-0.12990857980255255,2.1225377764791853
0.6396363970709327,1.0,1.0,1.0,-0.1861240248747416,0.12038102201744039,-2.625548403944664
-0.4890378531102552,1.0,-0.9560113672844879,0.24825665422909837,0.17021182179756356,0.5803601205626043,5.988766956981018
-0.1942860602022699,-0.9060055883924221,-1.0,-0.7063771838084039,-1.0,-0.0029921426153922126,-1.547346281086329
0.5524506663170987,0.6430625809312186,-0.16422074930239206,-0.040517902440942166,0.7722608016809915,0.04255503900752333,-1.09870829768935
0.7397372350952891,0.9451135154794907,0.8055025024765619,1.0,-1.0,-0.32148209213441414,4.2239399104670605
-0.5394219873090709,0.490305217488101,-0.8718622345784354,-0.8459036620935243,0.4513548748981383,0.7641001367660465,4.585772952175918
-0.21139321506060427,0.28098182683041895,0.6602524936721034,0.28514556655256834,0.2359385646860338,0.01707992287181348,0.09949798666013271
0.5999939462876567,-0.19722405223042588,1.0,0.18535761952124652,-1.0,0.34469638462458707,1.5059761753044585
1.0,-0.06435249445470431,0.4275118341670171,-0.05058495728378867,0.5081113116865162,-1.0,3.3261080422461515
0.8485426395224539,0.6740734437726661,-0.687690330476141,0.10249973217086505,-0.2950403263175725,-1.0,3.921445256767522
0.7119668464729689,0.9104980891064898,0.4711924803001628,0.614243710216138,0.9247824682027583,-0.009265065314886689,-2.5063195148238524
1.0,0.41952917109840815,1.0,1.0,1.0,-0.20226738750819784,-4.553696689498678
0.6896420110283732,-0.945510643293666,-0.6031730091713919,-0.09168776483342855,1.0,0.5881639586784001,-2.9102657202154987
0.44988995095494116,0.982129400171765,0.37337046983866395,0.4693125068699121,-0.4696407219303349,-0.5359285573566053,0.7516815671078474
-0.2297401743592805,0.33444500952942946,0.12307633568757659,0.6872894679492674,0.05341884093887139,-0.24456076017359152,0.5739524626766179
-1.0,-0.017451460268904984,0.20157154314627698,-0.05005961021266059,-1.0,-1.0,-1.4461021062809016
0.16918754435245115,-0.5125602066941364,-0.6371913724978959,-1.0,0.02905849765612012,0.2532740653057031,-1.1096594602439112
-1.0,-0.26530339800496483,-0.3084611503030368,-1.0,1.0,1.0,6.626321982264996
-0.6490790222190606,-1.0,-0.01565789980251453,-0.16745078006131386,-0.5651269207734737,0.3367178481232763,-0.6603437580583938
0.3449865650547187,1.0,1.0,-0.006913962068201385,1.0,0.4937500556252629,-3.40660753074208
1.0,1.0,-0.2570983714913584,1.0,-0.500782853567407,-0.1050899581461966,4.482942739940047
-0.7464120193105881,-0.3717468119973345,-0.8598960635330315,-1.0,-0.9505770131548537,-0.5189612179064942,-0.517248861106122
0.21677813825294368,1.0,1.0,1.0,0.8250867215594309,-0.8818103525966278,-4.080277338473191
-0.8111538954417767,-0.26752895335325366,0.02119309868272945,-1.0,-0.6472914060084574,-0.8785995184928841,1.788128684699257
-0.06091382963151448,1.0,0.515887397260624,-0.30575270111693353,1.0,-0.6309878986732622,0.05678309322038093
0.3339612530420496,0.9926797051781775,-0.3404458593941613,0.4935963062454446,-0.9106600773817315,0.5154371943969511,2.8248441554998616
-0.9057520091455487,-0.963156117904967,-1.0,-1.0,-0.4278518766764525,0.5242587687554503,-4.635214673682451
-1.0,-0.28366328786661277,-1.0,-1.0,0.6756372985434891,1.0,6.124553517980268
0.043091000286367476,-0.3243400515674016,-0.8503317430223165,-0.25583620957470626,-0.5256130026574101,-0.17936861498025558,-0.751181232737038
-0.4248048621225938,-1.0,-0.39518468229614845,0.9599145181680774,-0.3449943424331545,-0.7579302759218436,-0.16535103674275264
0.23984110380998797,0.5116209169127414,-0.674353611685894,0.7137938680229384,-0.9603014430573844,0.11509322293728036,0.21678236677146023
1.0,0.4491329793117736,-0.2178969567630426,0.06139330985850311,0.9353722419344662,-0.058379343480563256,-3.487469764073093
0.028265629603226206,1.0,-0.6492011796782946,1.0,-0.09860557167677847,-0.43791185001512656,1.6549577564586968
-1.0,-1.0,-0.7727501301873276,-0.22544630872181903,-1.0,-0.3635756521906699,-3.93773341964424
0.7814043966459251,0.7106514178301,0.11723016455565807,-0.8298693441637089,-0.6626774113104069,0.07990135013374666,3.2849832854325043
0.5428725302241277,-0.19535875340457792,-0.10929486606575876,-0.02710024504045294,-0.7131589154245261,-1.0,4.936295022503744
0.20073424852767188,-0.046043273816859354,0.8660409376936723,0.7312926032733427,-0.5331364920284862,0.5862604465926035,-0.06341718232616267
-0.16502465718587175,-0.5533669332344637,0.39611900126036226,-0.30715901016372593,-0.12647440546447258,0.10643065436477905,0.2455000233703768
1.0,1.0,1.0,1.0,0.32201579198866326,-0.9790391936457962,-0.529130057841097
-1.0,-0.4216865832838226,-1.0,-1.0,1.0,1.0,5.767651423486816
1.0,1.0,1.0,1.0,-0.15538145742574977,0.3299058350698732,-1.3395484799593218
1.0,0.72991201624131,0.8385961679610184,-0.20045737152558774,-0.40610140703640407,0.4755083447587527,0.5715378474567507
-1.0,-1.0,-1.0,-0.8612131734183073,-1.0,-0.01922256799636113,-3.1908342318608374
-1.0,-0.6548920115854574,-0.6332769320374098,-1.0,1.0,0.5119193439639349,1.1539754434696556
0.6495631792458862,-0.5738057894566844,-0.29934881582948225,-1.0,-0.9650495478747008,-0.16472987707593512,5.181312310270747
-0.36233124103004744,-0.3829360185667938,-1.0,-1.0,0.854213709683537,0.6588805973502275,0.7784371421499914
0.7448799958507017,0.00339144783331613,0.22559427810197075,1.0,1.0,-0.5074827299096817,0.12338649841212901
-0.1679933602363083,0.8522115835116719,-1.0,-0.35583082655867515,-0.7380777387276563,-0.5787762877104408,1.3538212242361778
1.0,1.0,-0.47951525999971395,1.0,-0.40434509109610994,-0.39414123247839816,5.047131429232313
0.011812166529323487,-0.3170390811651889,-0.33092518127935144,-1.0,0.25710731129290854,0.0730997296738074,0.29114778471615055
1.0,-0.11268319332250187,1.0,1.0,0.6734434533828599,-0.23153902378627716,-2.3764080912761214
0.06878987089517818,0.13984880598977745,-1.0,0.5445515492574015,-0.7615319412180708,0.8838281881954979,4.750367240587797
1.0,1.0,1.0,0.49389943322019025,1.0,0.38239346082795134,-6.939582803276296
-0.8657743788395925,-1.0,-1.0,0.3585775412655501,0.8395890202213494,0.8114980013728426,0.413042948469277
1.0,-0.5789554305363972,1.0,1.0,-0.3402830087561275,0.5006347814901573,0.8581593756086795
0.47258294754905594,-0.8960152302250047,-1.0,0.61158516941114,0.14596627038271726,-0.2827246288184606,-2.3724991455636952
0.6471476674425749,-0.2820144632150048,-0.7719427211245975,0.6865021684426439,-0.6805437905723681,-0.9937349019674884,3.4649301702289015
1.0,0.9366601818069505,0.4115802821309085,1.0,-0.2928392026074993,-0.4035527156697557,1.557355027235765
-0.13478177852108164,-1.0,-0.6382775183103859,-0.3255640446613606,0.004025452648020789,0.12692731446830394,-1.1520493409013692
-0.6435678087488937,0.346970105423822,0.9671865049692446,0.7162670714518301,-1.0,-0.4834880757203237,-1.7760710650582034
-1.0,1.0,-0.11724380918724261,0.3683272877835334,0.4658016953436438,-1.0,4.108007268475383
-1.0,-0.18073972732235855,-0.87610085023734,-0.9134770148010447,0.8830038605034229,1.0,6.558463439054141
-1.0,-0.6818024349766595,0.5853937701219128,-1.0,-0.2668613506570444,0.0010706783075022583,-0.2375084486054143
0.442617697201112,1.0,0.9011166389516188,0.36087830815570454,-0.11526847344766367,-0.9007474383686418,0.16194296237992017
-0.08915746607921658,-0.7044277420190547,0.040397860738552505,-0.747400404467566,-0.37319818905235175,1.0,1.8501027250713658
-0.1616222904376482,-1.0,0.006911501311214648,0.23618197407044633,0.4125567148658745,0.9190634609802861,1.2311686617793565
-0.7858136427089355,-0.7565118457021919,-0.026215011223521364,-1.0,-1.0,-1.0,4.5460329758605775
0.19092507673417392,-0.3678306077911422,0.4026153295555608,-1.0,-0.6852449027405371,0.9182688359376219,2.934840693394525
-0.8558145649775727,1.0,-0.5007417302250601,0.6213366775513924,-1.0,-1.0,2.368802010070925
0.22647582095898233,1.0,0.12174827106368102,1.0,-1.0,0.686305893820758,3.953713105154189
1.0,1.0,1.0,0.26139323289222405,0.6145470056174951,-1.0,-1.4394294298401635
0.4606508483307672,-1.0,-0.42026829564336127,5.659482576358954e-05,-1.0,-0.5884994742389017,2.1371784173481387
-0.3577212775715432,-0.047671068882829494,-0.735086106939319,-1.0,-1.0,-1.0,1.2555129106040621
-0.42087125658634134,0.17291493828014187,0.22245170148883758,-0.532651729527165,0.44432330534104614,-1.0,3.06511946239951
1.0,1.0,0.6623554068036793,0.04438101204004974,1.0,0.3280302557665507,-3.325231096788725
0.11704290370084558,-0.4364813193893969,0.7981557149925919,-1.0,-0.4733974931473574,-0.5474756764803195,1.6253011384884084
1.0,0.9178757461864484,0.046947770621978524,1.0,0.5809254506289853,-1.0,2.3517875210002934
0.2096650163315607,-0.4510445418113338,0.24562956709865247,1.0,-0.9785779691556156,-0.7091640081961725,3.4071621136570434
1.0,0.24037159309283251,-1.0,0.6934603388432851,-0.44423920591118127,-1.0,4.975987580890144
-1.0,0.11315949686203375,0.598609947186253,-0.08650962521832933,-1.0,-0.08551679120441724,-2.558767461290169
0.01653123383141164,-0.5437142903359169,1.0,0.7074563367353448,0.055693346033808655,-0.9228314087988685,1.622687310749198
-0.4404569440237606,1.0,-1.0,0.6770944693119326,1.0,1.0,12.2330645898323
-0.5974242894744766,-0.9137855652402638,-1.0,-0.025873467376928305,-0.9957565038069545,0.8110672754223139,-0.24916233218878803
1.0,0.3809106377544976,-0.3499309196695459,-0.3965092487970515,-1.0,-1.0,5.558939530373805
-0.8536436734917734,-0.882559168752368,-0.8972520256562025,-0.873081978973201,0.7334877452916113,0.06568493526598829,-4.390034061753024
-0.08886693286448138,0.9519234853964749,-0.48833377141551204,-0.6381438733176387,0.6995666342693845,1.0,8.593051440159448
0.7251408375532732,-0.026433702546082044,-1.0,-0.20089393212109763,-1.0,-0.6630646621090468,2.60763555819525
-0.2277381550422719,-0.18255997734887577,-0.09109384564341894,-0.4020228031389551,-0.1815219415805644,-0.06959714107621273,-0.4119773286115368
0.7024760329457028,0.11152260015944127,-0.9568960424449254,1.0,-0.35503571311779214,-1.0,3.4695265424117254
-0.6616262636393043,-0.9918110910063134,-0.6589567132285159,-1.0,0.9627724375556863,-0.07085335632160006,-1.5434361885064152
-1.0,0.10243858824597041,-1.0,-0.5558357978945188,0.8248551291483952,-0.37989756233906824,-0.12970279365016585
0.3096938874446569,0.031769521231033486,-0.42187092235398205,1.0,-0.2752110404264322,-0.40517784379681754,0.3113909600953786
0.8938884786230394,0.0653473386558317,0.7356188936118027,0.40708488389161596,1.0,1.0,-2.2759960453704045
1.0,1.0,0.8700646977954656,0.30428228514746847,-0.6049710870520963,-1.0,3.7702466888105546
1.0,1.0,1.0,0.3159851306605832,0.46946952580287493,0.6680850728811369,-5.331960560326079
-0.9925193798090147,0.023697394853106957,-1.0,-0.5096084613717211,-0.5883987847603387,-0.6526898878003082,0.15438769572379177
-0.65732196499774,-0.5456072903043732,-0.7476414663515153,0.39295983335556217,-0.1327453470882612,0.8216232876847045,2.2677002910354904
0.7158106083305296,1.0,1.0,1.0,-0.0514289033336879,1.0,-5.31195759990097
1.0,1.0,0.5252644802631037,0.05763313909585516,1.0,-1.0,-0.4352265471578355
-0.7096579240757825,-1.0,0.3992636255312679,-1.0,-0.8717209199473721,-0.9175415286353021,7.025766156967276
0.013058479015211732,-1.0,-1.0,-1.0,0.7773845771885114,-0.7516031763679227,-1.282729447130398
0.9631403503050737,0.56239512055494,0.9843856954937353,1.0,-0.304152525270232,-0.5681388393246565,2.0586455967368744
-0.5976082090851503,-0.006440821098733895,-0.938362047072567,-0.020672902520247005,0.37545416716239083,0.06607380474521787,0.32621155724452966
-1.0,0.6209003840825577,-0.5231894708160258,-0.6169412008824648,1.0,1.0,10.177087615129013
0.3867965217705556,1.0,1.0,0.0045210534317266515,-0.9687579208533184,1.0,-0.7562851239708999
1.0,-0.6151422852317681,0.9106707977186728,0.09384204777094535,-0.34955802042044537,-0.48724017882089515,3.9862718322214143
-0.9783288975961846,-1.0,-1.0,-1.0,0.8560649609480281,-0.42220816412667767,-5.747670624117513
0.7213586961658206,-0.31543104105885034,-0.31721315743832634,-0.3846012790878168,-1.0,-0.5534753125204983,3.6126401104722983
-1.0,-0.25953414860080404,-1.0,-1.0,0.9261783240794921,-0.6478339886513476,1.15644939352513
0.8068704283728516,-0.14594457321139043,-0.7596181408658316,0.6873148214558243,0.31791224039054766,1.0,2.4254106460782356
0.9730380623371837,0.3709773849085376,0.28196338674320576,0.6608236894543356,-0.35133829673145356,0.6696519734225435,1.0009623746863505
0.3086520382577863,0.2273096771665512,-0.4658100557733994,0.5654600639771448,0.26106043143268,-0.4300551492697311,-0.7821560768791559
-1.0,-1.0,-0.57167507774278,-1.0,-0.861778139399021,-0.5972674670914166,2.6257979201590667
-1.0,0.22643135409948068,0.19331482221483315,0.6497929581152075,-1.0,-0.48375023633520986,-1.6479096893851333
0.3516415713531304,0.6232979365814275,-0.2558988324484889,0.045409269677117226,0.5598766151835602,0.4393952489666314,0.7592797537010654
0.487020457115391,-0.1246954906661577,-0.8893219440601049,-0.17768728408941148,0.0790287942657788,0.47987716493780863,1.173339340886032
-1.0,-0.641882147499629,-0.5467557657854788,-0.2387311372267209,1.0,1.0,5.010760450417973
-0.18210982899225328,-0.17370581116726064,0.07961957753737703,0.8037687219233607,-1.0,-1.0,2.6015020730514093
-0.6927495626550844,-0.4602592837497068,0.10095461506832853,-0.14524713238626974,-1.0,1.0,0.6699669456120068
0.31505072448460525,-0.9373914684883019,-1.0,0.12865570430333773,-0.6600802925341083,-1.0,1.711278112365625
-1.0,-1.0,-0.6151319105289723,-1.0,0.942919168504173,0.6952313937531374,-2.0889051078334715
-0.2751847384704606,0.8492590138328318,0.07528848636178642,0.7483757490758185,1.0,1.0,4.688623529459633
1.0,0.21991786124024704,1.0,1.0,0.7955975981471153,0.1739042090729176,-5.038537464109061
0.6927309425296359,0.35760102573834424,-1.0,0.3548400500834129,1.0,-0.7403131008008548,-3.680684374517928
-1.0,0.5220622164779016,0.33560640655342444,-0.9852884814989256,1.0,0.971460656893397,6.625250503188927
-0.6384480083516221,-0.24625326860802832,0.30139450826266884,-0.496091477119458,0.9171473514773052,1.0,3.7095780103973324
0.11518649395391511,0.4176102193360396,1.0,1.0,0.6850411371335111,0.9480449381262599,-3.029235821217362
1.0,0.9749543877281227,-0.26446654011282417,-0.8378408503515685,0.78470499170608,-0.2079935505642268,-2.540394548063536
-0.4677012833783729,-0.5184244757530856,-1.0,-1.0,-1.0,-0.9123616446252576,2.470523133417121
-1.0,-1.0,-0.2041753058985324,-0.6542136187844506,0.04307124446221888,-1.0,4.718579100916743
1.0,0.2903175192846861,1.0,1.0,-0.3021360970453544,-0.6063794328962117,3.0333402853792366
-0.5771160599469509,0.34347914726202033,-1.0,0.4359135244210195,-0.8661726249032375,-1.0,2.8103714740817978
-0.8356435856331434,-0.5678643757962625,-1.0,-1.0,-0.37110119878162195,-0.5649242571183302,-1.3042173903984928
-1.0,0.0016577204307934856,-1.0,-1.0,0.6220191538150839,0.6474504760534,2.4134597803328006
0.49753380847592565,-1.0,0.8378605413436575,-0.943901310352689,-1.0,-1.0,13.121320690188194
-0.822934672941981,-1.0,-0.8705760215323257,-1.0,1.0,1.0,-0.46069715229392816
1.0,0.505295470384586,0.2087453645815902,0.6840526702112126,1.0,0.7267717659805952,-1.4465398839168426
-1.0,-0.9538275719271245,-0.024231336543139678,-1.0,-0.13044509114950686,-0.497342959718464,0.8327531146340509
-1.0,-0.9074051708373396,-0.14157436181949445,-0.8905198474464908,-1.0,-0.798310880326281,3.9253107842035004
-0.5028484900524854,-0.1926776289001556,-0.26450773196410493,-0.3769323045317114,0.23929048452236767,-0.1855127029551076,-0.46583736285333144
0.3293077262168872,1.0,1.0,0.9424526512710361,0.5504214081753512,-1.0,-4.150206539506552
-0.6941578316680903,-0.9202890090867305,-0.4363814623126998,0.45150409042109774,-1.0,-0.823629959061392,-1.0700668572241234
0.7144235889427263,0.00906565762219691,1.0,-0.7720839088586324,1.0,1.0,-4.827480883508884
-1.0,-0.9291785816373838,-1.0,-1.0,-0.4086312032579964,-0.6052812784955117,-1.72066382454332
0.6709814360174187,1.0,1.0,-0.6934934820577364,0.012431321443933052,1.0,-1.4714560110051769
0.8604501286841639,-0.09725486932646288,0.4235529621078068,0.40289908125953955,0.5225125986728197,0.40080524798206885,-1.6205112019100212
-0.4309052535651525,-1.0,-0.017671022119131574,0.11486610284644234,-0.25292162928191175,-0.373164598183359,0.11621175359417385
0.6511625811898297,0.4179044655493713,-0.0837107612092916,0.49789280896109345,-0.3793040418622471,-0.31544708564308,1.2022990916692817
0.19366129015073574,-0.5842724177105789,0.7183383038349882,-0.23777052722867595,-1.0,-1.0,3.5286552718029913
-1.0,-0.25222866730678617,-0.39299959697706155,-0.6758447910770224,-1.0,-0.07924890280059316,-1.7634976484374842
0.3766073195761291,1.0,-0.33474664583202485,-0.5109717048786501,1.0,-0.34322216105661046,0.9696500523462106
-1.0,-1.0,-0.5234257949142236,-1.0,-0.6806567779598158,-0.6617629501263098,1.9115812769896234
1.0,1.0,1.0,0.6348587301300883,0.17078291180762584,-0.16767095625414585,-2.480961761228629
-0.21273470689321017,-0.04440633344635858,-1.0,0.2630633667773442,-1.0,-0.46011042181128037,-1.0270926097914483
0.5621329185435381,0.3884986024551622,-0.4487186491921381,0.7589439744907506,1.0,0.14151897046214645,-1.2629077187154891
-0.08713031692896223,0.5527693522421884,-0.9049394525730037,-0.8017983936722554,-1.0,-0.18718006388667852,-0.9687011644893841
-0.30481513206598954,0.6719958916361888,1.0,-0.5974789559547964,1.0,1.0,0.8133826418876218
-0.7436740097507233,-0.5617919359703665,-0.4204242093662607,-1.0,-0.3942628725054943,-0.8346293291890369,1.7918154472002672
0.6442196394833535,0.5689094670326047,1.0,1.0,-0.3241960745382524,-0.7880709717002884,2.2518205732475964
-0.6118881119278065,-0.27088001958405217,-1.0,-0.8984172285246113,-0.5090971777028148,-0.4910578309363688,-0.8957318728578362
0.6573542279716448,0.8476268327205927,-0.5157984293461779,1.0,0.5254524225707178,1.0,2.947603590827139
1.0,0.13815140352164,0.1056346934719623,0.659668828249257,-1.0,-0.8827580558553251,6.698955952115088
0.8907013438976178,0.5796463296455805,1.0,0.0777221073644131,0.4998000403669516,0.30868621473753577,-2.190206648964534
-0.9429563628911386,-0.7201864384444194,0.39337959003536693,-0.5784136794841885,0.948885996184216,0.6344302623717659,1.0678267934019454
-0.8419804126006636,0.7236755915963037,-1.0,-0.9512610153572045,0.685344357321823,0.681752617227438,6.730411558352239
-1.0,-0.9772502212980176,-1.0,0.3537332175897996,0.5066807716004944,1.0,3.994893315610275
0.9445708516865535,-1.0,0.2930924897129839,-0.19950939067188478,-0.8821012590818993,-0.16611315451948527,5.6025871045576805
0.14103464935529997,0.34335625331718433,0.8320488959383118,-0.16774297655269937,0.08798132878632497,-1.0,2.188170800559813
0.31522225665928905,-0.051546802252047275,1.0,0.9838945198665882,0.0056241456383784305,1.0,-2.7588180442878514
-0.5500726034826626,0.576903547195121,0.7582519489590908,-1.0,-0.09987781820203447,1.0,0.0875108143910503
-0.6414598195624843,-1.0,-1.0,-0.9952861461841569,-1.0,-0.8529014904888232,3.2452785684535184
0.4934600804464522,-0.4975858232183795,-0.2849395080903222,1.0,1.0,1.0,4.236883603058223
0.8753057875457366,-0.9029652370949788,0.6718327805414104,-1.0,0.11476596765696156,1.0,-0.6908723160018507
0.44389720352097395,-1.0,-0.6451210601541733,-0.5633354132903341,1.0,1.0,-1.6020749663224116
-1.0,0.17614439365015266,-0.14637088051906044,-0.7529633657253959,-0.4006226890692437,-1.0,1.5319487027211982
0.19288349370829105,-0.5548848450106484,-0.10933667019220214,-0.9255047910739295,-0.5950868066773783,-0.0395321380738893,1.1216114035517102
0.5619063251013904,0.7700291497799137,0.08328876383367634,0.4586401035937975,-0.02967797473223338,-1.0,3.33591584324644
0.5017405301783285,1.0,0.08241552910652913,0.9193224809219178,0.5212980803441012,0.9847420326595406,1.5606913112462086
1.0,1.0,0.10734924908053223,0.9010544751126877,-0.8171171268885765,0.5324203915116216,4.475308253167352
-0.8208943365999427,-0.44804115575271697,-0.36921327225276435,-0.5129729329184647,-1.0,-0.03448792332316619,-1.429935361333802
0.8269927746353882,-0.8938149047151585,-0.3559331726503763,-0.9619273365902807,0.4816469669172402,0.1606924121049751,-1.9331934092405447
0.03534013514171375,0.21341822860245363,1.0,-0.0334162304431283,0.8304819727315886,0.08107492376696168,-0.43040449783803225
1.0,0.542796681727183,1.0,1.0,-0.20316571697198335,-0.8008200815810196,2.9699114252822185
1.0,0.16833025782051203,-0.7414528138113026,1.0,0.662930836664125,-0.24795303671644597,-2.5096091285091187
0.287268186205322,0.43461799290049064,0.5448633546362116,-1.0,1.0,0.00021326272455039763,0.14373421104283235
-0.16200166340364486,0.07757928758328059,-0.07831409948098667,-0.6083455181863304,0.7824194775719007,1.0,4.103338360113752
0.033328038886598854,0.021969483383016408,0.8843123155705749,0.011854533386209676,-0.9836472840569038,-0.38788538403622796,-0.27605436438188735
-0.2897913585354419,-1.0,-0.02058942267542685,-1.0,-0.6235863613052717,0.037299996531305224,0.9488096823421209
-1.0,-1.0,-0.9668646394540475,-0.6478487819736847,0.721643736703591,-0.28954030409096854,-4.869627484550339
-0.6561269742353223,-0.4949504737175848,0.32032435172302315,0.05133356322417705,-0.6137441544000913,0.6222368232594311,-0.8819235013341427
-0.2771149474317323,1.0,-0.3876220524358026,-0.2537837420091142,1.0,-1.0,3.889415440912636
0.41632751185950667,1.0,-0.09638001340360536,0.41756352443584693,0.7837416103190142,-0.30488155455896704,-0.19953000486721612
-0.6698503798419916,-1.0,0.13690572146904811,-0.1368038611535065,0.5644080141451222,-0.13697597672816006,1.057248410179616
1.0,0.9104066255041516,0.5670411823292487,1.0,1.0,-0.019928454480949848,-4.216633638963964
-1.0,-1.0,-0.21587936776359815,0.07344349880474171,0.36219416617961353,1.0,2.5174782181239377
-0.3171060710788134,-1.0,-1.0,-1.0,-0.6520275692451263,-0.4522179701890525,-0.3228325830351703
0.4868395138121321,-0.11584788326015183,-1.0,0.6129648012080718,-0.15022746364800704,-0.0914352134995553,-0.010700137252887099
0.4869909378017541,0.11715368692413809,-1.0,-0.6323795755758566,-0.8183954157273349,0.31696394343399037,1.5249371937850542
-1.0,-0.07104575085549064,1.0,-1.0,0.6479848134308488,0.8347568759179379,-3.9520377585299378
-0.09108114875660811,-0.4199544677975282,-1.0,-0.5132593983537469,-0.8976700613442054,1.0,6.020158089183454
0.24008338073354352,-0.8288758718717057,-0.14143088985196578,-0.4660212695632108,1.0,0.6408791855733422,-0.6866960165829419
1.0,0.618398907407833,0.7099731828464095,1.0,0.48428251366110436,-0.23665802383327794,-0.7733241620582164
-1.0,-0.7917338835436271,-0.3338432630205387,0.6954226502303263,0.7427333074597466,-0.07623153623209755,0.21495972365095667
-0.8493083243786479,-1.0,-1.0,-0.7727043725238141,0.9798801254860285,1.0,1.0745801051400619
-0.9862584584725573,-0.6207334990197195,-1.0,-0.5472296753699724,-0.07415302579102101,0.27186933407898706,-2.3240185075746376
-1.0,-1.0,-0.2768223660117919,-1.0,-0.6654700466879684,0.21287463044030874,-2.143769658690046
0.9125257529104993,-0.021757481414726332,0.031893961142059224,0.6730035558126426,-0.9093609779318614,-0.7928188096900511,5.3949975066662175
-0.2686440968283026,-0.652731465288298,-1.0,-0.5024876958436381,-1.0,0.3406403590928116,-0.4356749223613777
0.3418647464811239,-0.41330040181522065,-0.24719422317096262,0.3001028803222092,0.6817182891060958,1.0,2.881715656131335
-0.49222610147332474,-0.46864585321232183,-1.0,0.9833819087474446,-0.11235023325465751,0.21999607425515152,-2.734469655355594
0.6086847647917635,-0.17863662638515915,1.0,1.0,1.0,0.5780815054367778,-4.24486175624539
0.16288423367882343,0.28815155636658796,-0.8298536135977899,-0.673026345885857,-0.9909653674608194,-0.5665867168235611,0.558808880747889
0.5279948818195594,0.5204191227693535,0.5553860960781639,0.7496470173587291,1.0,-1.0,0.15728821195530032
-0.4466131948923401,0.2038618536763002,-0.9440441746049717,-0.8785412546379237,1.0,1.0,8.189929558311421
0.7305784887721474,-0.6389592277250215,-0.7368218650964715,1.0,0.9485928912042956,1.0,2.615158177938569
1.0,0.19681932016893106,0.005899892404504281,0.027840984055223172,-1.0,0.5268759879647077,3.01174598555128
0.2174255194705798,0.32981299942478853,0.3287069537942967,0.9419461554876585,-0.3143161580343644,-1.0,4.22704819038431
-0.26358625637926125,1.0,1.0,0.7373422740125928,1.0,0.14613224014931958,-4.643254020936877
-0.7094154220497227,0.5230318282363307,-0.06494221126711697,-0.8256548901359565,0.9737060184537338,0.8848222177907996,6.464984345063083
1.0,1.0,0.6302091986071394,0.11919141856495097,-0.290712267232057,0.27222839998571347,-1.6177981630663802
0.6942415938590909,0.6173122394740351,-0.2712049102490824,-0.3899394894163676,0.071826104917045,0.028242251394077655,0.648645576469259
-0.8345381394552759,-0.2394130426802885,0.05153610086358851,-1.0,0.6458348967674027,1.0,3.266559148072223
1.0,0.589380986367497,1.0,0.24782415139315894,1.0,1.0,-5.848495823110898
0.6421238982846464,0.6948953789102451,-1.0,1.0,-0.17826160850834005,-0.9629910102276245,3.1315815034262853
-0.8683712258877099,0.4856378154566235,-0.8458100295327315,1.0,-0.7310693120574263,-0.4248517491335599,-1.5775512410084824
0.04969361092041974,1.0,0.15998479049646053,1.0,0.20616705608828603,-0.887231536133307,1.5699062914582411
1.0,0.3703696531913705,-0.8463196299864423,0.8902266111816677,0.7011327529632316,0.9062133496043877,-0.5184440551272854
0.23163063675435033,-1.0,-0.4175769289949479,-1.0,0.8645569209716332,0.5093105819052687,-2.278441968835584
-0.8110919425178471,-0.1836794341676632,-0.23006100406693586,-0.12767662339545288,0.4938086639153649,1.0,3.9099208240798276
1.0,1.0,0.4926780408758319,-0.4221472144184829,0.3593378057426486,-0.5361621480586922,-1.8873408410352552
-1.0,-0.8820327315981062,-0.32867388772835926,-1.0,-0.06935719600066159,0.1624833025378386,-2.1293525345835986
0.9117150794700095,0.7558497379309315,0.2702380323826065,0.3746154442328651,1.0,0.2478642138234599,-1.5682761956883722
0.5040547152561667,1.0,0.9491382991005459,1.0,-0.15531996819348937,0.01508544041719806,-2.1097863009365914
-1.0,-1.0,-0.5431310610838913,-0.7422697243693812,0.6634509859986947,0.28980733835344674,-2.4140354976857847
-0.21778806041333276,-1.0,-1.0,-0.19897121781484506,-0.6065667863573999,0.008120713944553604,-2.763788275140757
-0.7269819831605508,-1.0,-0.5963698787917907,1.0,-1.0,-0.3761622855478256,-2.9504159129487832
1.0,0.3527689489346728,1.0,1.0,0.09155234781087818,1.0,-3.7075905106032123
0.7618851075503351,-0.07716563612289776,-0.5356759887431268,-0.8088159582331652,0.18816786898816928,-0.8982235879065622,2.088234629606405
-1.0,-1.0,-0.717112759820997,-0.5397313831105328,1.0,0.004559126706269012,-3.0121958837890372
1.0,0.7802449572075782,-0.28169157023993163,1.0,0.20203466060031922,-0.2493042275965124,1.405225994678811
1.0,-1.0,-0.6371380271241772,-0.4092202508670054,-0.07390819238619406,0.34190095710868934,-1.4694815787848383
-1.0,0.4889014266622428,1.0,-1.0,0.847365261614254,1.0,-0.7570142471753745
-1.0,-0.13114083239000213,-0.4480012800466895,-0.07536648552547809,-0.20660128994894578,-1.0,2.7127341060197985
1.0,1.0,0.8931416702571936,1.0,0.9516514813926282,0.7417189318991629,-9.812515368095058
-1.0,-0.4594852561780616,-1.0,-0.4918893801258162,0.4188822839653097,-0.46559340326697723,-0.36029058340256276
-1.0,-1.0,-1.0,-0.37414064422069315,0.6397425936489722,0.034117850995296406,-4.756716326380321
-0.12814122405753559,-1.0,-1.0,0.09996329742702137,-0.2816406324930546,0.13315800647501752,-2.2978823457481012
-0.814453043283758,-1.0,-0.60756696924536,-0.8388517992107734,-0.5697768946321751,0.34502204563402133,-3.455054651955707
0.10764808296367723,0.7860869092018763,0.2596721613708133,0.41370394469168525,0.144596211387091,-0.7169495149520027,0.8200927886889323
-1.0,-1.0,-0.03112553362748982,-1.0,1.0,0.9118403335678787,2.2127998500631776
0.43849867248270424,1.0,1.0,0.31691627246770504,0.3845685499273602,0.3633798994577595,-4.377829101503898
-0.966218261259558,-0.32573600144855397,-0.08335200981410096,-0.32627417758103316,-0.18179129484242051,-1.0,3.6835245910645904
0.9567435053873117,0.08857709469268726,1.0,0.8589638393586221,0.0523286063954016,1.0,-3.248022981003462
-0.2596347143943666,0.4245577668977948,-0.11228465976805574,-0.3393782607092471,-0.06375188142791077,1.0,3.706157510787111
0.355839666983369,-0.5456614724050148,-0.01692455177418739,-1.0,-0.6803544267250501,-0.5323148343859085,4.026666958665964
-0.5958776397098691,0.11542662423091032,0.11800431970492425,-0.9831855008566694,1.0,0.9923795948382612,6.3310213711197365
0.27608113525827016,1.0,0.4626521852484815,0.4517686355406261,-1.0,-1.0,1.9338520597621547
0.9234602744748925,0.8286453051834495,-0.18796087947614676,0.042239740144056404,1.0,-0.6799905605455372,-0.8804681672950023
-0.7971322830118612,-0.1522630704886983,0.7303097794003222,0.6437651240533695,0.15242164463699948,0.058859042430639774,0.2469925052131462
-0.4556493110126639,-1.0,-0.9830174592095036,-0.15625037183205182,-1.0,0.2086845925630555,-3.564883730682139
1.0,0.11832870110099697,-0.20279622320306956,0.654997645880407,0.5899486426977654,1.0,0.6463413627633171
0.9632902725187464,0.3262394355992497,0.5326062942432952,0.6366965658170018,-1.0,0.2386756238433664,2.4739287961047367
-0.31327513234637416,-0.5900454601210711,0.19992527820326883,0.2420924338263205,-0.33043116262681566,0.19642551676539188,-1.7666321064427317
0.8869538022119247,0.7586176308193904,0.28772105407007864,0.9879256527954946,-1.0,0.7064543836743212,4.195996227577276
-1.0,-0.049998348993401054,-0.4766803874087552,-1.0,-0.5140128432481121,-1.0,1.876074991795758
1.0,0.6761324551301626,1.0,0.19645555853639496,-1.0,-1.0,5.437699908456906
